date,source_state,dest_state,weighted_count,n_households,percentage,indicator
2024-03-01,Not_worried,Not_worried,133403289.66314697,951,49.422945911455606,worried
2024-03-01,worried,worried,136518478.86547852,854,50.577054088544394,worried
2024-04-01,Not_worried,Not_worried,167770361.74316406,803,60.66630095793659,worried
2024-04-01,worried,worried,108775857.6472168,570,39.3336990420634,worried
2024-05-01,Not_worried,Not_worried,170354386.05151367,952,61.81803453346958,worried
2024-05-01,worried,worried,105219542.07019043,645,38.18196546653042,worried
2024-06-01,Not_worried,Not_worried,184514007.43896484,897,66.812331317155,worried
2024-06-01,worried,worried,91653585.88012695,474,33.18766868284499,worried
2024-07-01,Not_worried,Not_worried,194767871.10083008,1019,70.95793864043107,worried
2024-07-01,worried,worried,79715681.87805176,474,29.042061359568933,worried
2024-08-01,Not_worried,Not_worried,200100350.27294922,926,72.45300800921179,worried
2024-08-01,worried,worried,76079142.85107422,388,27.54699199078821,worried
2024-09-01,Not_worried,Not_worried,194308725.37304688,925,70.31157849832867,worried
2024-09-01,worried,worried,82045083.66235352,395,29.688421501671325,worried
2024-10-01,Not_worried,Not_worried,194339194.8178711,904,70.76271810589326,worried
2024-10-01,worried,worried,80295810.76098633,357,29.237281894106744,worried
2024-11-01,Not_worried,Not_worried,194881381.0859375,863,70.52714979164352,worried
2024-11-01,worried,worried,81439697.62158203,353,29.472850208356476,worried
2024-12-01,Not_worried,Not_worried,203669968.4638672,969,73.62863645860324,worried
2024-12-01,worried,worried,72947905.04296875,357,26.371363541396764,worried
2025-01-01,Not_worried,Not_worried,194161770.76538086,1018,70.23046972675165,worried
2025-01-01,worried,worried,82301951.49194336,402,29.769530273248346,worried
2025-02-01,Not_worried,Not_worried,197019139.60107422,949,71.20947042122793,worried
2025-02-01,worried,worried,79656334.09033203,354,28.790529578772063,worried
2025-03-01,Not_worried,Not_worried,199464672.70117188,816,72.22695124915212,worried
2025-03-01,worried,worried,76699098.92626953,293,27.773048750847888,worried
2025-04-01,Not_worried,Not_worried,196396254.30029297,858,71.01103705044342,worried
2025-04-01,worried,worried,80175194.953125,319,28.988962949556573,worried
2025-05-01,Not_worried,Not_worried,202717878.57373047,841,73.31047022010853,worried
2025-05-01,worried,worried,73801802.673828125,305,26.689529779891473,worried
2025-06-01,Not_worried,Not_worried,201376073.50927734,796,72.9258332496501,worried
2025-06-01,worried,worried,74762113.10546875,292,27.074166750349903,worried
2025-07-01,Not_worried,Not_worried,194645847.06054688,830,70.35652714778338,worried
2025-07-01,worried,worried,82010569.83691406,286,29.643472852216618,worried
2025-08-01,Not_worried,Not_worried,198554692.4296875,801,72.11535771292571,worried
2025-08-01,worried,worried,76774583.7836914,286,27.88464228707428,worried
2025-09-01,Not_worried,Not_worried,196638458.75976563,824,71.08634455229263,worried
2025-09-01,worried,worried,79980714.72314453,280,28.913655447707363,worried
2025-10-01,Not_worried,Not_worried,201110564.09472656,792,72.72768944486731,worried
2025-10-01,worried,worried,75414877.08154297,262,27.272310555132684,worried
2024-03-01,Not_unhealthy,Not_unhealthy,195611571.29205322,1304,72.48154354702643,unhealthy
2024-03-01,unhealthy,unhealthy,74266195.81860352,500,27.518456452973577,unhealthy
2024-04-01,Not_unhealthy,Not_unhealthy,204080494.55322266,967,73.79616145290223,unhealthy
2024-04-01,unhealthy,unhealthy,72465724.8371582,406,26.203838547097774,unhealthy
2024-05-01,Not_unhealthy,Not_unhealthy,207890612.2006836,1125,75.44390487267171,unhealthy
2024-05-01,unhealthy,unhealthy,67665925.53625488,471,24.556095127328287,unhealthy
2024-06-01,Not_unhealthy,Not_unhealthy,216013600.1435547,1026,78.21830126678422,unhealthy
2024-06-01,unhealthy,unhealthy,60153993.17553711,345,21.781698733215773,unhealthy
2024-07-01,Not_unhealthy,Not_unhealthy,219401877.79467773,1159,79.93261359873101,unhealthy
2024-07-01,unhealthy,unhealthy,55081675.1842041,334,20.06738640126899,unhealthy
2024-08-01,Not_unhealthy,Not_unhealthy,225898267.83764648,1059,81.87422703598726,unhealthy
2024-08-01,unhealthy,unhealthy,50010618.28637695,254,18.125772964012747,unhealthy
2024-09-01,Not_unhealthy,Not_unhealthy,230678976.04736328,1069,83.47233456001099,unhealthy
2024-09-01,unhealthy,unhealthy,45674832.98803711,251,16.527665439989015,unhealthy
2024-10-01,Not_unhealthy,Not_unhealthy,229734466.7849121,1034,83.65083187436106,unhealthy
2024-10-01,unhealthy,unhealthy,44900538.79394531,227,16.34916812563895,unhealthy
2024-11-01,Not_unhealthy,Not_unhealthy,224077509.5834961,969,81.09316546953616,unhealthy
2024-11-01,unhealthy,unhealthy,52243569.12402344,247,18.90683453046383,unhealthy
2024-12-01,Not_unhealthy,Not_unhealthy,231872412.57495117,1074,83.82408903494843,unhealthy
2024-12-01,unhealthy,unhealthy,44745460.931884766,252,16.175910965051575,unhealthy
2025-01-01,Not_unhealthy,Not_unhealthy,225016765.16357422,1163,81.39106401603581,unhealthy
2025-01-01,unhealthy,unhealthy,51446957.09375,257,18.60893598396418,unhealthy
2025-02-01,Not_unhealthy,Not_unhealthy,228570472.38671875,1094,82.61320359811074,unhealthy
2025-02-01,unhealthy,unhealthy,48105001.3046875,209,17.386796401889264,unhealthy
2025-03-01,Not_unhealthy,Not_unhealthy,239491514.8071289,947,86.72082996107643,unhealthy
2025-03-01,unhealthy,unhealthy,36672256.8203125,162,13.279170038923565,unhealthy
2025-04-01,Not_unhealthy,Not_unhealthy,236934575.24902344,993,85.66848671061635,unhealthy
2025-04-01,unhealthy,unhealthy,39636874.00439453,184,14.33151328938364,unhealthy
2025-05-01,Not_unhealthy,Not_unhealthy,237871677.7836914,968,86.02341674578058,unhealthy
2025-05-01,unhealthy,unhealthy,38648003.46386719,178,13.976583254219419,unhealthy
2025-06-01,Not_unhealthy,Not_unhealthy,240141889.75439453,918,86.96439007525903,unhealthy
2025-06-01,unhealthy,unhealthy,35996296.86035156,170,13.035609924740962,unhealthy
2025-07-01,Not_unhealthy,Not_unhealthy,234312470.71142578,951,84.6943921775256,unhealthy
2025-07-01,unhealthy,unhealthy,42343946.186035156,165,15.305607822474396,unhealthy
2025-08-01,Not_unhealthy,Not_unhealthy,229409341.79541016,918,83.32181195929887,unhealthy
2025-08-01,unhealthy,unhealthy,45919934.41796875,169,16.678188040701134,unhealthy
2025-09-01,Not_unhealthy,Not_unhealthy,229304700.29589844,934,82.89544698175636,unhealthy
2025-09-01,unhealthy,unhealthy,47314473.18701172,170,17.10455301824364,unhealthy
2025-10-01,Not_unhealthy,Not_unhealthy,236658843.55859375,908,85.58302720787884,unhealthy
2025-10-01,unhealthy,unhealthy,39866597.61767578,146,14.416972792121161,unhealthy
2024-03-01,Not_low_diversity,Not_low_diversity,154313277.80560303,1056,57.18741167239294,low_diversity
2024-03-01,low_diversity,low_diversity,115524564.63708496,747,42.81258832760706,low_diversity
2024-04-01,Not_low_diversity,Not_low_diversity,166367002.27563477,835,60.158841672966844,low_diversity
2024-04-01,low_diversity,low_diversity,110179217.1147461,538,39.841158327033156,low_diversity
2024-05-01,Not_low_diversity,Not_low_diversity,176257754.1484375,964,63.964279561642236,low_diversity
2024-05-01,low_diversity,low_diversity,99298783.58850098,632,36.03572043835777,low_diversity
2024-06-01,Not_low_diversity,Not_low_diversity,197608995.53173828,930,71.5540129661105,low_diversity
2024-06-01,low_diversity,low_diversity,78558597.78735352,441,28.44598703388949,low_diversity
2024-07-01,Not_low_diversity,Not_low_diversity,195657927.5328369,1028,71.28220449255494,low_diversity
2024-07-01,low_diversity,low_diversity,78825625.44604492,465,28.717795507445064,low_diversity
2024-08-01,Not_low_diversity,Not_low_diversity,212419396.13842773,1012,76.98896513356347,low_diversity
2024-08-01,low_diversity,low_diversity,63489489.9855957,301,23.011034866436532,low_diversity
2024-09-01,Not_low_diversity,Not_low_diversity,213243596.7216797,998,77.16325585161867,low_diversity
2024-09-01,low_diversity,low_diversity,63110212.3137207,322,22.836744148381328,low_diversity
2024-10-01,Not_low_diversity,Not_low_diversity,214853407.57983398,971,78.23234591926118,low_diversity
2024-10-01,low_diversity,low_diversity,59781597.99902344,290,21.76765408073882,low_diversity
2024-11-01,Not_low_diversity,Not_low_diversity,213760784.25683594,922,77.35956491509558,low_diversity
2024-11-01,low_diversity,low_diversity,62560294.450683594,294,22.640435084904414,low_diversity
2024-12-01,Not_low_diversity,Not_low_diversity,215694453.34716797,1036,77.97560244849385,low_diversity
2024-12-01,low_diversity,low_diversity,60923420.15966797,290,22.024397551506155,low_diversity
2025-01-01,Not_low_diversity,Not_low_diversity,212033839.77685547,1093,76.69499565642855,low_diversity
2025-01-01,low_diversity,low_diversity,64429882.48046875,327,23.30500434357146,low_diversity
2025-02-01,Not_low_diversity,Not_low_diversity,212540277.9177246,1053,76.81934183829546,low_diversity
2025-02-01,low_diversity,low_diversity,64135195.77368164,250,23.18065816170453,low_diversity
2025-03-01,Not_low_diversity,Not_low_diversity,223797211.83935547,912,81.03786044074927,low_diversity
2025-03-01,low_diversity,low_diversity,52366559.78808594,197,18.96213955925074,low_diversity
2025-04-01,Not_low_diversity,Not_low_diversity,220981731.6689453,958,79.90041353345309,low_diversity
2025-04-01,low_diversity,low_diversity,55589717.584472656,219,20.099586466546913,low_diversity
2025-05-01,Not_low_diversity,Not_low_diversity,221637261.72509766,939,80.15243642881006,low_diversity
2025-05-01,low_diversity,low_diversity,54882419.52246094,207,19.847563571189923,low_diversity
2025-06-01,Not_low_diversity,Not_low_diversity,228365375.51220703,897,82.69967233137905,low_diversity
2025-06-01,low_diversity,low_diversity,47772811.10253906,191,17.300327668620945,low_diversity
2025-07-01,Not_low_diversity,Not_low_diversity,222824431.34716797,917,80.54193495528243,low_diversity
2025-07-01,low_diversity,low_diversity,53831985.55029297,199,19.458065044717575,low_diversity
2025-08-01,Not_low_diversity,Not_low_diversity,223377210.00634766,891,81.13093277927747,low_diversity
2025-08-01,low_diversity,low_diversity,51952066.20703125,196,18.86906722072252,low_diversity
2025-09-01,Not_low_diversity,Not_low_diversity,218584654.37548828,907,79.02006633281792,low_diversity
2025-09-01,low_diversity,low_diversity,58034519.107421875,197,20.97993366718208,low_diversity
2025-10-01,Not_low_diversity,Not_low_diversity,222247114.26757813,877,80.37130808731193,low_diversity
2025-10-01,low_diversity,low_diversity,54278326.908691406,177,19.628691912688065,low_diversity
2024-03-01,Not_skip_meal,Not_skip_meal,239782764.22906494,1555,88.86180013094102,skip_meal
2024-03-01,skip_meal,skip_meal,30055078.213623047,248,11.13819986905898,skip_meal
2024-04-01,Not_skip_meal,Not_skip_meal,248339923.68701172,1198,89.80051299723165,skip_meal
2024-04-01,skip_meal,skip_meal,28206295.70336914,175,10.19948700276835,skip_meal
2024-05-01,Not_skip_meal,Not_skip_meal,245988302.91088867,1372,89.39568682207405,skip_meal
2024-05-01,skip_meal,skip_meal,29179674.041381836,222,10.60431317792594,skip_meal
2024-06-01,Not_skip_meal,Not_skip_meal,247713551.3232422,1215,89.69682081308757,skip_meal
2024-06-01,skip_meal,skip_meal,28454041.99584961,156,10.303179186912423,skip_meal
2024-07-01,Not_skip_meal,Not_skip_meal,248132004.0687256,1326,90.39958911046897,skip_meal
2024-07-01,skip_meal,skip_meal,26351548.91015625,167,9.600410889531032,skip_meal
2024-08-01,Not_skip_meal,Not_skip_meal,257406677.61547852,1202,93.37017812369595,skip_meal
2024-08-01,skip_meal,skip_meal,18277360.680419922,110,6.629821876304054,skip_meal
2024-09-01,Not_skip_meal,Not_skip_meal,252585491.8083496,1209,91.3993162207487,skip_meal
2024-09-01,skip_meal,skip_meal,23768317.22705078,111,8.600683779251295,skip_meal
2024-10-01,Not_skip_meal,Not_skip_meal,252822849.76245117,1146,92.05776562589607,skip_meal
2024-10-01,skip_meal,skip_meal,21812155.81640625,115,7.9422343741039265,skip_meal
2024-11-01,Not_skip_meal,Not_skip_meal,251955609.97070313,1091,91.18218962853472,skip_meal
2024-11-01,skip_meal,skip_meal,24365468.736816406,125,8.817810371465283,skip_meal
2024-12-01,Not_skip_meal,Not_skip_meal,255338499.34277344,1208,92.30730325040379,skip_meal
2024-12-01,skip_meal,skip_meal,21279374.1640625,118,7.692696749596202,skip_meal
2025-01-01,Not_skip_meal,Not_skip_meal,249873239.20654297,1286,90.38192684607219,skip_meal
2025-01-01,skip_meal,skip_meal,26590483.05078125,134,9.618073153927812,skip_meal
2025-02-01,Not_skip_meal,Not_skip_meal,257622058.85302734,1205,93.11344276954942,skip_meal
2025-02-01,skip_meal,skip_meal,19053414.838378906,98,6.886557230450571,skip_meal
2025-03-01,Not_skip_meal,Not_skip_meal,259489125.59814453,1030,94.02221083800062,skip_meal
2025-03-01,skip_meal,skip_meal,16497923.935546875,78,5.977789161999383,skip_meal
2025-04-01,Not_skip_meal,Not_skip_meal,262527661.01367188,1103,94.92218438394269,skip_meal
2025-04-01,skip_meal,skip_meal,14043788.239746094,74,5.0778156160573165,skip_meal
2025-05-01,Not_skip_meal,Not_skip_meal,258133831.5258789,1075,93.3509797064971,skip_meal
2025-05-01,skip_meal,skip_meal,18385849.721679688,71,6.649020293502894,skip_meal
2025-06-01,Not_skip_meal,Not_skip_meal,264577511.91357422,1025,95.81344585372369,skip_meal
2025-06-01,skip_meal,skip_meal,11560674.701171875,63,4.186554146276313,skip_meal
2025-07-01,Not_skip_meal,Not_skip_meal,257595631.89111328,1046,93.1103043912362,skip_meal
2025-07-01,skip_meal,skip_meal,19060785.006347656,70,6.889695608763807,skip_meal
2025-08-01,Not_skip_meal,Not_skip_meal,256844922.86669922,1012,93.28645554846322,skip_meal
2025-08-01,skip_meal,skip_meal,18484353.346679688,75,6.713544451536785,skip_meal
2025-09-01,Not_skip_meal,Not_skip_meal,258164206.24267578,1035,93.32838464960038,skip_meal
2025-09-01,skip_meal,skip_meal,18454967.240234375,69,6.671615350399615,skip_meal
2025-10-01,Not_skip_meal,Not_skip_meal,255524659.7133789,987,92.4054794475479,skip_meal
2025-10-01,skip_meal,skip_meal,21000781.462890625,67,7.594520552452097,skip_meal
2024-03-01,Not_eat_less,Not_eat_less,201909939.42633057,1330,74.82639855053506,eat_less
2024-03-01,eat_less,eat_less,67927903.01635742,473,25.17360144946494,eat_less
2024-04-01,Not_eat_less,Not_eat_less,219617790.64038086,1058,79.41449755650495,eat_less
2024-04-01,eat_less,eat_less,56928428.75,315,20.585502443495038,eat_less
2024-05-01,Not_eat_less,Not_eat_less,220145654.2927246,1256,80.00409667252455,eat_less
2024-05-01,eat_less,eat_less,55022322.6595459,338,19.995903327475435,eat_less
2024-06-01,Not_eat_less,Not_eat_less,230237389.38085938,1133,83.36872064306135,eat_less
2024-06-01,eat_less,eat_less,45930203.93823242,238,16.63127935693866,eat_less
2024-07-01,Not_eat_less,Not_eat_less,229912635.9041748,1242,83.76189881288217,eat_less
2024-07-01,eat_less,eat_less,44570917.07470703,251,16.238101187117838,eat_less
2024-08-01,Not_eat_less,Not_eat_less,243852418.92871094,1147,88.45358637230139,eat_less
2024-08-01,eat_less,eat_less,31831619.3671875,165,11.546413627698621,eat_less
2024-09-01,Not_eat_less,Not_eat_less,240526154.72436523,1146,87.03558513049273,eat_less
2024-09-01,eat_less,eat_less,35827654.311035156,174,12.964414869507262,eat_less
2024-10-01,Not_eat_less,Not_eat_less,239382764.39575195,1102,87.1639665494196,eat_less
2024-10-01,eat_less,eat_less,35252241.18310547,159,12.836033450580395,eat_less
2024-11-01,Not_eat_less,Not_eat_less,241651959.43164063,1048,87.45332081141174,eat_less
2024-11-01,eat_less,eat_less,34669119.275878906,168,12.546679188588246,eat_less
2024-12-01,Not_eat_less,Not_eat_less,243234806.57666016,1167,87.93170285529261,eat_less
2024-12-01,eat_less,eat_less,33383066.93017578,159,12.06829714470739,eat_less
2025-01-01,Not_eat_less,Not_eat_less,239664476.171875,1248,86.6893038316262,eat_less
2025-01-01,eat_less,eat_less,36799246.08544922,172,13.310696168373791,eat_less
2025-02-01,Not_eat_less,Not_eat_less,243270838.4790039,1158,87.92641979908177,eat_less
2025-02-01,eat_less,eat_less,33404635.212402344,145,12.073580200918228,eat_less
2025-03-01,Not_eat_less,Not_eat_less,250443907.38867188,1001,90.74480408114174,eat_less
2025-03-01,eat_less,eat_less,25543142.14501953,107,9.25519591885826,eat_less
2025-04-01,Not_eat_less,Not_eat_less,247578568.14794922,1063,89.51703757429314,eat_less
2025-04-01,eat_less,eat_less,28992881.10546875,114,10.48296242570687,eat_less
2025-05-01,Not_eat_less,Not_eat_less,248970299.00927734,1042,90.03709894572849,eat_less
2025-05-01,eat_less,eat_less,27549382.23828125,104,9.962901054271516,eat_less
2025-06-01,Not_eat_less,Not_eat_less,252134274.56298828,993,91.30728265220093,eat_less
2025-06-01,eat_less,eat_less,24003912.051757813,95,8.692717347799075,eat_less
2025-07-01,Not_eat_less,Not_eat_less,242936595.72021484,997,87.8116612817465,eat_less
2025-07-01,eat_less,eat_less,33719821.177246094,119,12.188338718253517,eat_less
2025-08-01,Not_eat_less,Not_eat_less,250926916.91259766,994,91.13702704035384,eat_less
2025-08-01,eat_less,eat_less,24402359.30078125,93,8.862972959646157,eat_less
2025-09-01,Not_eat_less,Not_eat_less,244092295.05029297,999,88.24127842511005,eat_less
2025-09-01,eat_less,eat_less,32526878.432617188,105,11.75872157488994,eat_less
2025-10-01,Not_eat_less,Not_eat_less,245698219.54248047,958,88.85194016772641,eat_less
2025-10-01,eat_less,eat_less,30827221.633789063,96,11.1480598322736,eat_less
2024-03-01,Not_ran_out,Not_ran_out,208517305.5203247,1399,77.28830739381304,ran_out
2024-03-01,ran_out,ran_out,61274222.52783203,403,22.711692606186958,ran_out
2024-04-01,Not_ran_out,Not_ran_out,232969457.5324707,1137,84.24250313239831,ran_out
2024-04-01,ran_out,ran_out,43576761.857910156,236,15.75749686760169,ran_out
2024-05-01,Not_ran_out,Not_ran_out,234840178.41088867,1333,85.34429805820866,ran_out
2024-05-01,ran_out,ran_out,40327798.541381836,261,14.655701941791332,ran_out
2024-06-01,Not_ran_out,Not_ran_out,241498302.2541504,1178,87.44771525493044,ran_out
2024-06-01,ran_out,ran_out,34664775.935058594,192,12.552284745069558,ran_out
2024-07-01,Not_ran_out,Not_ran_out,245237661.571167,1319,89.3451206491906,ran_out
2024-07-01,ran_out,ran_out,29245891.407714844,174,10.654879350809395,ran_out
2024-08-01,Not_ran_out,Not_ran_out,250053185.42285156,1184,90.70281579177369,ran_out
2024-08-01,ran_out,ran_out,25630852.873046875,128,9.297184208226323,ran_out
2024-09-01,Not_ran_out,Not_ran_out,247007909.00439453,1186,89.38104014797686,ran_out
2024-09-01,ran_out,ran_out,29345900.03100586,134,10.618959852023139,ran_out
2024-10-01,Not_ran_out,Not_ran_out,254504243.55444336,1142,92.6699941320358,ran_out
2024-10-01,ran_out,ran_out,20130762.024414063,119,7.330005867964203,ran_out
2024-11-01,Not_ran_out,Not_ran_out,250253894.0908203,1097,90.56634233673833,ran_out
2024-11-01,ran_out,ran_out,26067184.61669922,119,9.433657663261668,ran_out
2024-12-01,Not_ran_out,Not_ran_out,252788529.14404297,1194,91.3854646987574,ran_out
2024-12-01,ran_out,ran_out,23829344.36279297,132,8.614535301242594,ran_out
2025-01-01,Not_ran_out,Not_ran_out,247583587.8100586,1288,89.5537344967146,ran_out
2025-01-01,ran_out,ran_out,28880134.447265625,132,10.446265503285401,ran_out
2025-02-01,Not_ran_out,Not_ran_out,255118401.05078125,1200,92.20853502010483,ran_out
2025-02-01,ran_out,ran_out,21557072.640625,103,7.7914649798951725,ran_out
2025-03-01,Not_ran_out,Not_ran_out,255305402.75830078,1030,92.50629809973533,ran_out
2025-03-01,ran_out,ran_out,20681646.775390625,78,7.493701900264668,ran_out
2025-04-01,Not_ran_out,Not_ran_out,259284153.16552734,1098,93.74942853481215,ran_out
2025-04-01,ran_out,ran_out,17287296.087890625,79,6.2505714651878455,ran_out
2025-05-01,Not_ran_out,Not_ran_out,254705788.64794922,1069,92.11126943977628,ran_out
2025-05-01,ran_out,ran_out,21813892.599609375,77,7.8887305602237205,ran_out
2025-06-01,Not_ran_out,Not_ran_out,262664980.90283203,1033,95.12084660325839,ran_out
2025-06-01,ran_out,ran_out,13473205.711914063,55,4.879153396741607,ran_out
2025-07-01,Not_ran_out,Not_ran_out,256869510.9033203,1054,92.8478412985901,ran_out
2025-07-01,ran_out,ran_out,19786905.994140625,62,7.152158701409908,ran_out
2025-08-01,Not_ran_out,Not_ran_out,259765425.49023438,1027,94.34718641722553,ran_out
2025-08-01,ran_out,ran_out,15563850.723144531,60,5.652813582774474,ran_out
2025-09-01,Not_ran_out,Not_ran_out,258863433.51220703,1035,93.58116078970929,ran_out
2025-09-01,ran_out,ran_out,17755739.970703125,69,6.418839210290712,ran_out
2025-10-01,Not_ran_out,Not_ran_out,251878132.265625,982,91.08678434584496,ran_out
2025-10-01,ran_out,ran_out,24647308.91064453,72,8.913215654155037,ran_out
2024-03-01,Not_went_hungry,Not_went_hungry,227978440.70855713,1553,84.50170483776787,went_hungry
2024-03-01,went_hungry,went_hungry,41813087.33959961,249,15.498295162232129,went_hungry
2024-04-01,Not_went_hungry,Not_went_hungry,249288061.0036621,1210,90.14336249224209,went_hungry
2024-04-01,went_hungry,went_hungry,27258158.38671875,163,9.856637507757906,went_hungry
2024-05-01,Not_went_hungry,Not_went_hungry,250945031.8824463,1435,91.19703341278486,went_hungry
2024-05-01,went_hungry,went_hungry,24222945.06982422,159,8.802966587215137,went_hungry
2024-06-01,Not_went_hungry,Not_went_hungry,254630651.21655273,1250,92.25179695214356,went_hungry
2024-06-01,went_hungry,went_hungry,21386358.34765625,119,7.748203047856443,went_hungry
2024-07-01,Not_went_hungry,Not_went_hungry,255526252.1776123,1360,93.09346567561806,went_hungry
2024-07-01,went_hungry,went_hungry,18957300.80126953,133,6.906534324381928,went_hungry
2024-08-01,Not_went_hungry,Not_went_hungry,259992052.0576172,1228,94.3079815809145,went_hungry
2024-08-01,went_hungry,went_hungry,15691986.23828125,84,5.692018419085495,went_hungry
2024-09-01,Not_went_hungry,Not_went_hungry,260288991.55395508,1232,94.18686591021894,went_hungry
2024-09-01,went_hungry,went_hungry,16064817.481445313,88,5.813134089781061,went_hungry
2024-10-01,Not_went_hungry,Not_went_hungry,260700791.40795898,1184,94.92627892007836,went_hungry
2024-10-01,went_hungry,went_hungry,13934214.170898438,77,5.073721079921632,went_hungry
2024-11-01,Not_went_hungry,Not_went_hungry,262305665.49023438,1142,94.92785230759749,went_hungry
2024-11-01,went_hungry,went_hungry,14015413.217285156,74,5.0721476924025035,went_hungry
2024-12-01,Not_went_hungry,Not_went_hungry,261940845.66210938,1249,94.69411442628133,went_hungry
2024-12-01,went_hungry,went_hungry,14677027.844726563,77,5.305885573718668,went_hungry
2025-01-01,Not_went_hungry,Not_went_hungry,255822333.4975586,1331,92.53378034874564,went_hungry
2025-01-01,went_hungry,went_hungry,20641388.759765625,89,7.466219651254363,went_hungry
2025-02-01,Not_went_hungry,Not_went_hungry,262404109.79785156,1233,94.84183989887283,went_hungry
2025-02-01,went_hungry,went_hungry,14271363.893554688,70,5.15816010112716,went_hungry
2025-03-01,Not_went_hungry,Not_went_hungry,265024164.15673828,1056,96.02775369515489,went_hungry
2025-03-01,went_hungry,went_hungry,10962885.376953125,52,3.9722463048451186,went_hungry
2025-04-01,Not_went_hungry,Not_went_hungry,268624822.12841797,1123,97.12673627503806,went_hungry
2025-04-01,went_hungry,went_hungry,7946627.125,54,2.8732637249619475,went_hungry
2025-05-01,Not_went_hungry,Not_went_hungry,265335860.43896484,1103,95.9555064007971,went_hungry
2025-05-01,went_hungry,went_hungry,11183820.80859375,43,4.044493599202894,went_hungry
2025-06-01,Not_went_hungry,Not_went_hungry,266192952.51123047,1050,96.3984575167104,went_hungry
2025-06-01,went_hungry,went_hungry,9945234.103515625,38,3.6015424832896104,went_hungry
2025-07-01,Not_went_hungry,Not_went_hungry,266192675.10205078,1073,96.2177845311687,went_hungry
2025-07-01,went_hungry,went_hungry,10463741.795410156,43,3.7822154688312923,went_hungry
2025-08-01,Not_went_hungry,Not_went_hungry,266731394.97509766,1050,96.87723682837928,went_hungry
2025-08-01,went_hungry,went_hungry,8597881.23828125,37,3.122763171620708,went_hungry
2025-09-01,Not_went_hungry,Not_went_hungry,266230869.81884766,1060,96.24454677770039,went_hungry
2025-09-01,went_hungry,went_hungry,10388303.6640625,44,3.755453222299611,went_hungry
2025-10-01,Not_went_hungry,Not_went_hungry,265853866.44384766,1018,96.14083438868131,went_hungry
2025-10-01,went_hungry,went_hungry,10671574.732421875,36,3.859165611318686,went_hungry
2024-03-01,Not_whole_day,Not_whole_day,256826610.13409424,1719,95.19446811104153,whole_day
2024-03-01,whole_day,whole_day,12964917.9140625,83,4.805531888958468,whole_day
2024-04-01,Not_whole_day,Not_whole_day,268055603.66088867,1314,96.92976611713988,whole_day
2024-04-01,whole_day,whole_day,8490615.7294921875,59,3.070233882860131,whole_day
2024-05-01,Not_whole_day,Not_whole_day,267767491.09655762,1539,97.3105570140538,whole_day
2024-05-01,whole_day,whole_day,7400485.855712891,55,2.689442985946198,whole_day
2024-06-01,Not_whole_day,Not_whole_day,267203629.63208008,1324,96.80694318584062,whole_day
2024-06-01,whole_day,whole_day,8813379.932128906,45,3.1930568141593745,whole_day
2024-07-01,Not_whole_day,Not_whole_day,268088254.24450684,1442,97.67006122408105,whole_day
2024-07-01,whole_day,whole_day,6395298.734375,51,2.3299387759189494,whole_day
2024-08-01,Not_whole_day,Not_whole_day,270812699.04589844,1280,98.23299916813774,whole_day
2024-08-01,whole_day,whole_day,4871339.25,32,1.7670008318622612,whole_day
2024-09-01,Not_whole_day,Not_whole_day,271591238.06469727,1294,98.2766400118288,whole_day
2024-09-01,whole_day,whole_day,4762570.970703125,26,1.7233599881711956,whole_day
2024-10-01,Not_whole_day,Not_whole_day,270015850.0300293,1232,98.318074733739,whole_day
2024-10-01,whole_day,whole_day,4619155.548828125,29,1.6819252662610054,whole_day
2024-11-01,Not_whole_day,Not_whole_day,270484817.87890625,1187,97.88786984477908,whole_day
2024-11-01,whole_day,whole_day,5836260.828613281,29,2.1121301552209304,whole_day
2024-12-01,Not_whole_day,Not_whole_day,272054877.49902344,1296,98.35043341561234,whole_day
2024-12-01,whole_day,whole_day,4562996.0078125,30,1.6495665843876632,whole_day
2025-01-01,Not_whole_day,Not_whole_day,269018820.9458008,1386,97.30709647879443,whole_day
2025-01-01,whole_day,whole_day,7444901.3115234375,34,2.6929035212055576,whole_day
2025-02-01,Not_whole_day,Not_whole_day,273130175.40234375,1281,98.7186076735458,whole_day
2025-02-01,whole_day,whole_day,3545298.2890625,22,1.281392326454204,whole_day
2025-03-01,Not_whole_day,Not_whole_day,271882758.1772461,1085,98.51286813516072,whole_day
2025-03-01,whole_day,whole_day,4104291.3564453125,23,1.4871318648392873,whole_day
2025-04-01,Not_whole_day,Not_whole_day,273157197.01123047,1155,98.76550806259866,whole_day
2025-04-01,whole_day,whole_day,3414252.2421875,22,1.234491937401346,whole_day
2025-05-01,Not_whole_day,Not_whole_day,270788538.9213867,1127,97.92740165896511,whole_day
2025-05-01,whole_day,whole_day,5731142.326171875,19,2.0725983410348934,whole_day
2025-06-01,Not_whole_day,Not_whole_day,270008291.3901367,1070,97.78013490283345,whole_day
2025-06-01,whole_day,whole_day,6129895.224609375,18,2.2198650971665472,whole_day
2025-07-01,Not_whole_day,Not_whole_day,272382473.06640625,1102,98.45514379207812,whole_day
2025-07-01,whole_day,whole_day,4273943.8310546875,14,1.544856207921889,whole_day
2025-08-01,Not_whole_day,Not_whole_day,272925187.2739258,1071,99.1268313444481,whole_day
2025-08-01,whole_day,whole_day,2404088.939453125,16,0.8731686555518953,whole_day
2025-09-01,Not_whole_day,Not_whole_day,274414225.44189453,1091,99.20289399565,whole_day
2025-09-01,whole_day,whole_day,2204948.041015625,13,0.7971060043500018,whole_day
2025-10-01,Not_whole_day,Not_whole_day,269623824.88134766,1033,97.50416588594375,whole_day
2025-10-01,whole_day,whole_day,6901616.294921875,21,2.495834114056247,whole_day
