date,quint,variable,response,n,percent,quintile_label,variable_label
2024-03-01,1,sv1,Yes,8094714.8310546875,0.17217105444493583,Poorest,Bank account usage
2024-03-01,1,sv12,Yes,7437467.369384766,0.15819168755323965,Poorest,Applied for credit/loan
2024-03-01,1,sv19,Yes,17674985.852539063,0.3759392412264232,Poorest,Has outstanding loan
2024-03-01,1,sv2,Yes,2393581.2119140625,0.0509104285643052,Poorest,Mobile money/e-wallet usage
2024-03-01,1,sv44,Yes,1662576.55859375,0.03536227837086417,Poorest,Opened new account
2024-03-01,1,sv7,Yes,16711750.102050781,0.3554516368695173,Poorest,Has payment card
2024-03-01,1,sv9,Yes,581207.4765625,0.01236202956862013,Poorest,QRIS transaction usage
2024-03-01,1,wb6,Yes,19022083.489501953,0.3854153042222961,Poorest,Borrowed for basic needs
2024-03-01,2,sv1,Yes,13497292.390625,0.24323815407052682,2,Bank account usage
2024-03-01,2,sv12,Yes,7271869.4560546875,0.13104821707509018,2,Applied for credit/loan
2024-03-01,2,sv19,Yes,27179542.95751953,0.48980948668338853,2,Has outstanding loan
2024-03-01,2,sv2,Yes,6371235.96875,0.1148176709324983,2,Mobile money/e-wallet usage
2024-03-01,2,sv44,Yes,3288496.5283203125,0.05926283598713159,2,Opened new account
2024-03-01,2,sv7,Yes,20503419.635742188,0.36949736287815477,2,Has payment card
2024-03-01,2,sv9,Yes,2700434.69921875,0.04866522354381265,2,QRIS transaction usage
2024-03-01,2,wb6,Yes,20852251.286132813,0.3757837471592959,2,Borrowed for basic needs
2024-03-01,3,sv1,Yes,17089406.520507813,0.3069185425565675,3,Bank account usage
2024-03-01,3,sv12,Yes,4737414.3349609375,0.08508196592011293,3,Applied for credit/loan
2024-03-01,3,sv19,Yes,26773139.73486328,0.4808343120181911,3,Has outstanding loan
2024-03-01,3,sv2,Yes,6648040.3251953125,0.11939600389385571,3,Mobile money/e-wallet usage
2024-03-01,3,sv44,Yes,888427.318359375,0.015955780406480515,3,Opened new account
2024-03-01,3,sv7,Yes,24910241.283691406,0.44737744054179246,3,Has payment card
2024-03-01,3,sv9,Yes,2734894.5625,0.04911755432589702,3,QRIS transaction usage
2024-03-01,3,wb6,Yes,19823122.34765625,0.3555437527806804,3,Borrowed for basic needs
2024-03-01,4,sv1,Yes,21947900.25756836,0.40063320113787676,4,Bank account usage
2024-03-01,4,sv12,Yes,7397389.528564453,0.135030677746525,4,Applied for credit/loan
2024-03-01,4,sv19,Yes,25674229.399169922,0.4695115562620154,4,Has outstanding loan
2024-03-01,4,sv2,Yes,8575658.493408203,0.15653859703023798,4,Mobile money/e-wallet usage
2024-03-01,4,sv44,Yes,2125934.1953125,0.038877531903024856,4,Opened new account
2024-03-01,4,sv7,Yes,29625671.017089844,0.5407819097109979,4,Has payment card
2024-03-01,4,sv9,Yes,4097884.0825195313,0.07480207211647145,4,QRIS transaction usage
2024-03-01,4,wb6,Yes,20991036.83178711,0.3829625739133368,4,Borrowed for basic needs
2024-03-01,5,sv1,Yes,33377269.821289063,0.6050620371604131,Richest,Bank account usage
2024-03-01,5,sv12,Yes,8145729.00390625,0.14766550444807555,Richest,Applied for credit/loan
2024-03-01,5,sv19,Yes,30193920.141845703,0.5473543800527186,Richest,Has outstanding loan
2024-03-01,5,sv2,Yes,10661362.759765625,0.1932688295019097,Richest,Mobile money/e-wallet usage
2024-03-01,5,sv44,Yes,699856.115234375,0.012714680236490876,Richest,Opened new account
2024-03-01,5,sv7,Yes,38331240.17504883,0.6948674469595784,Richest,Has payment card
2024-03-01,5,sv9,Yes,3079394.185546875,0.05582315537199812,Richest,QRIS transaction usage
2024-03-01,5,wb6,Yes,13650942.987548828,0.2471628692298636,Richest,Borrowed for basic needs
2024-04-01,1,sv1,Yes,3140734.9750976563,0.056625624328944496,Poorest,Bank account usage
2024-04-01,1,sv12,Yes,6852760.772705078,0.13119077249218186,Poorest,Applied for credit/loan
2024-04-01,1,sv19,Yes,19073934.295410156,0.3635389486700372,Poorest,Has outstanding loan
2024-04-01,1,sv2,Yes,3029617.185546875,0.05462223523140703,Poorest,Mobile money/e-wallet usage
2024-04-01,1,sv40,Agree,36973721.07128906,0.6666146796932124,Poorest,Would borrow at lower rates
2024-04-01,1,sv41,Agree,32844896.960205078,0.5921743831103209,Poorest,Lenders not trustworthy
2024-04-01,1,sv42,Agree,28902386.703125,0.521093216918167,Poorest,No current borrowing needs
2024-04-01,1,sv44,Yes,683453.37109375,0.012322266649290278,Poorest,Opened new account
2024-04-01,1,sv7,Yes,12901021.74243164,0.23259791623257367,Poorest,Has payment card
2024-04-01,1,sv9,Yes,650056.3671875,0.011720138099157262,Poorest,QRIS transaction usage
2024-04-01,1,wb6,Yes,20581489.63671875,0.3702095839557094,Poorest,Borrowed for basic needs
2024-04-01,2,sv1,Yes,14734485.1484375,0.2663170690223391,2,Bank account usage
2024-04-01,2,sv12,Yes,6937703.071777344,0.1256235824154307,2,Applied for credit/loan
2024-04-01,2,sv19,Yes,24228077.45654297,0.4448890957230504,2,Has outstanding loan
2024-04-01,2,sv2,Yes,4251940.603515625,0.07685130140468036,2,Mobile money/e-wallet usage
2024-04-01,2,sv40,Agree,35788956.63720703,0.646864138038735,2,Would borrow at lower rates
2024-04-01,2,sv41,Agree,31492550.791015625,0.5692091537782585,2,Lenders not trustworthy
2024-04-01,2,sv42,Agree,31899683.9453125,0.5765678437672102,2,No current borrowing needs
2024-04-01,2,sv44,Yes,1062653.939453125,0.019206838901338136,2,Opened new account
2024-04-01,2,sv7,Yes,19481985.30517578,0.35212531506476763,2,Has payment card
2024-04-01,2,sv9,Yes,4189303.77734375,0.07571917796833998,2,QRIS transaction usage
2024-04-01,2,wb6,Yes,16312238.7890625,0.2948340291317415,2,Borrowed for basic needs
2024-04-01,3,sv1,Yes,14019709.652832031,0.25420818820052404,3,Bank account usage
2024-04-01,3,sv12,Yes,5067983.54296875,0.09206944678858145,3,Applied for credit/loan
2024-04-01,3,sv19,Yes,23647444.302734375,0.43606918448768295,3,Has outstanding loan
2024-04-01,3,sv2,Yes,6758246.984375,0.12254189022827457,3,Mobile money/e-wallet usage
2024-04-01,3,sv40,Agree,38652929.56713867,0.7008626738514462,3,Would borrow at lower rates
2024-04-01,3,sv41,Agree,38758040.65258789,0.7027685691412562,3,Lenders not trustworthy
2024-04-01,3,sv42,Agree,27719113.016357422,0.5026085185002658,3,No current borrowing needs
2024-04-01,3,sv44,Yes,383404.5407714844,0.006951968055749628,3,Opened new account
2024-04-01,3,sv7,Yes,19893348.278076172,0.360710182181998,3,Has payment card
2024-04-01,3,sv9,Yes,1490932.6328125,0.02703388962407948,3,QRIS transaction usage
2024-04-01,3,wb6,Yes,14349150.31665039,0.260181672412583,3,Borrowed for basic needs
2024-04-01,4,sv1,Yes,26184971.310546875,0.4736141811572299,4,Bank account usage
2024-04-01,4,sv12,Yes,6555673.6796875,0.1195180287541888,4,Applied for credit/loan
2024-04-01,4,sv19,Yes,24607530.205078125,0.4513521443011633,4,Has outstanding loan
2024-04-01,4,sv2,Yes,8067380.121582031,0.14591673922622259,4,Mobile money/e-wallet usage
2024-04-01,4,sv40,Agree,34916772.43457031,0.6315484706523812,4,Would borrow at lower rates
2024-04-01,4,sv41,Agree,40963918.553222656,0.7409247278709665,4,Lenders not trustworthy
2024-04-01,4,sv42,Agree,37415385.65722656,0.6767415182766237,4,No current borrowing needs
2024-04-01,4,sv44,Yes,893779.234375,0.016166010464687835,4,Opened new account
2024-04-01,4,sv7,Yes,32828529.59033203,0.5937778955770135,4,Has payment card
2024-04-01,4,sv9,Yes,3612709.4995117188,0.06534398801044375,4,QRIS transaction usage
2024-04-01,4,wb6,Yes,11814528.391113281,0.21369235518169827,4,Borrowed for basic needs
2024-04-01,5,sv1,Yes,32814078.990234375,0.5939972305012988,Richest,Bank account usage
2024-04-01,5,sv12,Yes,4572834.18359375,0.08277699463711063,Richest,Applied for credit/loan
2024-04-01,5,sv19,Yes,28648597.78466797,0.5244131661930205,Richest,Has outstanding loan
2024-04-01,5,sv2,Yes,10323835.807617188,0.18688106040397354,Richest,Mobile money/e-wallet usage
2024-04-01,5,sv40,Agree,40906457.036865234,0.7404846619876063,Richest,Would borrow at lower rates
2024-04-01,5,sv41,Agree,33922685.0144043,0.6140651077155265,Richest,Lenders not trustworthy
2024-04-01,5,sv42,Agree,37749542.28564453,0.6833385016546633,Richest,No current borrowing needs
2024-04-01,5,sv44,Yes,2640036.443359375,0.04778968004083442,Richest,Opened new account
2024-04-01,5,sv7,Yes,39427468.713134766,0.7137121608151338,Richest,Has payment card
2024-04-01,5,sv9,Yes,4771290.865966797,0.08636943798251576,Richest,QRIS transaction usage
2024-04-01,5,wb6,Yes,10079337.483398438,0.18245517578623469,Richest,Borrowed for basic needs
2024-05-01,1,sv1,Yes,5041621.205078125,0.09855919956101646,Poorest,Bank account usage
2024-05-01,1,sv12,Yes,9225168.56640625,0.1814822673862368,Poorest,Applied for credit/loan
2024-05-01,1,sv19,Yes,21175732.807617188,0.41396669657262847,Poorest,Has outstanding loan
2024-05-01,1,sv2,Yes,2735560.5478515625,0.05347776974505321,Poorest,Mobile money/e-wallet usage
2024-05-01,1,sv44,Yes,542405.447265625,0.010603542897310294,Poorest,Opened new account
2024-05-01,1,sv7,Yes,16357575.16796875,0.3197760104805765,Poorest,Has payment card
2024-05-01,1,sv9,Yes,1764294.01953125,0.03449037507620404,Poorest,QRIS transaction usage
2024-05-01,1,wb6,Yes,16286615.426269531,0.29735322053213636,Poorest,Borrowed for basic needs
2024-05-01,2,sv1,Yes,15060919.305664063,0.27206707017536963,2,Bank account usage
2024-05-01,2,sv12,Yes,8539000.0439453125,0.15541396843812538,2,Applied for credit/loan
2024-05-01,2,sv19,Yes,22259114.728515625,0.40991430893512676,2,Has outstanding loan
2024-05-01,2,sv2,Yes,8139456.400390625,0.1470347201741944,2,Mobile money/e-wallet usage
2024-05-01,2,sv44,Yes,730785.01953125,0.01328272112966061,2,Opened new account
2024-05-01,2,sv7,Yes,28426171.318359375,0.5135028606109487,2,Has payment card
2024-05-01,2,sv9,Yes,3067326.474609375,0.0554095344568027,2,QRIS transaction usage
2024-05-01,2,wb6,Yes,16514243.834472656,0.2983205636402906,2,Borrowed for basic needs
2024-05-01,3,sv1,Yes,16897951.74560547,0.3053006260972495,3,Bank account usage
2024-05-01,3,sv12,Yes,4389302.70703125,0.08018155820138702,3,Applied for credit/loan
2024-05-01,3,sv19,Yes,24164410.5390625,0.4503664028224109,3,Has outstanding loan
2024-05-01,3,sv2,Yes,8284765.765625,0.14968347722807057,3,Mobile money/e-wallet usage
2024-05-01,3,sv44,Yes,192911.046875,0.003504092664293225,3,Opened new account
2024-05-01,3,sv7,Yes,29272635.62475586,0.5288779443981301,3,Has payment card
2024-05-01,3,sv9,Yes,1146575.90625,0.020715548684010262,3,QRIS transaction usage
2024-05-01,3,wb6,Yes,12026387.75,0.2159596185638763,3,Borrowed for basic needs
2024-05-01,4,sv1,Yes,22471026.057128906,0.40891264268392524,4,Bank account usage
2024-05-01,4,sv12,Yes,5651086.646484375,0.10297216196001306,4,Applied for credit/loan
2024-05-01,4,sv19,Yes,27275097.413085938,0.49855098335219755,4,Has outstanding loan
2024-05-01,4,sv2,Yes,9802322.1669921875,0.17837607644410924,4,Mobile money/e-wallet usage
2024-05-01,4,sv44,Yes,1607669.79296875,0.029255295327175874,4,Opened new account
2024-05-01,4,sv7,Yes,31584256.637695313,0.5747490931696894,4,Has payment card
2024-05-01,4,sv9,Yes,4656197.6953125,0.08473035897909086,4,QRIS transaction usage
2024-05-01,4,wb6,Yes,10729396.194335938,0.19524634705484958,4,Borrowed for basic needs
2024-05-01,5,sv1,Yes,30686772.31201172,0.5563026482932395,Richest,Bank account usage
2024-05-01,5,sv12,Yes,8145870.423583984,0.14784219870863438,Richest,Applied for credit/loan
2024-05-01,5,sv19,Yes,29365716.016845703,0.5377563737226404,Richest,Has outstanding loan
2024-05-01,5,sv2,Yes,6927510.826171875,0.1255848148347297,Richest,Mobile money/e-wallet usage
2024-05-01,5,sv44,Yes,2869566.783203125,0.05208075264022633,Richest,Opened new account
2024-05-01,5,sv7,Yes,36634366.94018555,0.6648897017874468,Richest,Has payment card
2024-05-01,5,sv9,Yes,5737772.6552734375,0.10413680563711689,Richest,QRIS transaction usage
2024-05-01,5,wb6,Yes,12089941.911865234,0.21917152559734784,Richest,Borrowed for basic needs
2024-06-01,1,sv1,Yes,5878892.503417969,0.10691011666222788,Poorest,Bank account usage
2024-06-01,1,sv12,Yes,5910483.12109375,0.10867955256759984,Poorest,Applied for credit/loan
2024-06-01,1,sv19,Yes,22081167.2265625,0.40444069887891493,Poorest,Has outstanding loan
2024-06-01,1,sv2,Yes,1667610.630859375,0.03032619613110688,Poorest,Mobile money/e-wallet usage
2024-06-01,1,sv40,Agree,34932313.716308594,0.6366803807667611,Poorest,Would borrow at lower rates
2024-06-01,1,sv41,Agree,43782510.903808594,0.7979850959642478,Poorest,Lenders not trustworthy
2024-06-01,1,sv42,Agree,38037042.30761719,0.6932675223384615,Poorest,No current borrowing needs
2024-06-01,1,sv44,Yes,319340.3984375,0.005807338581555311,Poorest,Opened new account
2024-06-01,1,sv7,Yes,23106395.790527344,0.4201994624281123,Poorest,Has payment card
2024-06-01,1,sv9,Yes,1138440.78125,0.02070302130302826,Poorest,QRIS transaction usage
2024-06-01,1,wb6,Yes,17926575.560546875,0.3231615632237278,Poorest,Borrowed for basic needs
2024-06-01,2,sv1,Yes,18571198.428710938,0.3357913137670457,2,Bank account usage
2024-06-01,2,sv12,Yes,4446111.1796875,0.08339516873192829,2,Applied for credit/loan
2024-06-01,2,sv19,Yes,27722237.6875,0.5095976723168057,2,Has outstanding loan
2024-06-01,2,sv2,Yes,5550593.1640625,0.10036191137053628,2,Mobile money/e-wallet usage
2024-06-01,2,sv40,Agree,41504022.43457031,0.7504464654459392,2,Would borrow at lower rates
2024-06-01,2,sv41,Agree,43163389.875,0.7804499773346882,2,Lenders not trustworthy
2024-06-01,2,sv42,Agree,36176704.66308594,0.6541216622724567,2,No current borrowing needs
2024-06-01,2,sv44,Yes,2622841.630859375,0.047424372767864674,2,Opened new account
2024-06-01,2,sv7,Yes,30153939.706054688,0.5452222735122223,2,Has payment card
2024-06-01,2,sv9,Yes,2865478.734375,0.05181156576840803,2,QRIS transaction usage
2024-06-01,2,wb6,Yes,13373424.404296875,0.24180882927515113,2,Borrowed for basic needs
2024-06-01,3,sv1,Yes,19063775.004882813,0.3459585382317967,3,Bank account usage
2024-06-01,3,sv12,Yes,5374992.759521484,0.09802227587968704,3,Applied for credit/loan
2024-06-01,3,sv19,Yes,28118340.405273438,0.5109630934464335,3,Has outstanding loan
2024-06-01,3,sv2,Yes,6005744.498046875,0.10898883285213869,3,Mobile money/e-wallet usage
2024-06-01,3,sv40,Agree,40013792.892333984,0.7261475387008123,3,Would borrow at lower rates
2024-06-01,3,sv41,Agree,45565668.92260742,0.826899824928781,3,Lenders not trustworthy
2024-06-01,3,sv42,Agree,38671738.46362305,0.7017926987876563,3,No current borrowing needs
2024-06-01,3,sv44,Yes,943624.53125,0.01712436090896474,3,Opened new account
2024-06-01,3,sv7,Yes,33364816.895507813,0.6054857067178437,3,Has payment card
2024-06-01,3,sv9,Yes,1749003.65234375,0.03173992279975698,3,QRIS transaction usage
2024-06-01,3,wb6,Yes,13461069.127929688,0.24428382087718348,3,Borrowed for basic needs
2024-06-01,4,sv1,Yes,17929729.849121094,0.3238206231884457,4,Bank account usage
2024-06-01,4,sv12,Yes,4944212.658203125,0.0894553474881578,4,Applied for credit/loan
2024-06-01,4,sv19,Yes,26043513.90185547,0.4789634496033592,4,Has outstanding loan
2024-06-01,4,sv2,Yes,9897981.419921875,0.1787629004272964,4,Mobile money/e-wallet usage
2024-06-01,4,sv40,Agree,38269559.08251953,0.6911689454069487,4,Would borrow at lower rates
2024-06-01,4,sv41,Agree,41759033.127441406,0.7541907348781324,4,Lenders not trustworthy
2024-06-01,4,sv42,Agree,40568733.83154297,0.7326932855009186,4,No current borrowing needs
2024-06-01,4,sv44,Yes,1509267.8359375,0.027258193810182556,4,Opened new account
2024-06-01,4,sv7,Yes,35315199.40185547,0.6378116109146864,4,Has payment card
2024-06-01,4,sv9,Yes,7849737.5087890625,0.14177050704901692,4,QRIS transaction usage
2024-06-01,4,wb6,Yes,8007560.8896484375,0.1446208827085306,4,Borrowed for basic needs
2024-06-01,5,sv1,Yes,27192362.514160156,0.4930460184575167,Richest,Bank account usage
2024-06-01,5,sv12,Yes,3755632.318359375,0.06815277476084769,Richest,Applied for credit/loan
2024-06-01,5,sv19,Yes,30092305.725097656,0.5485941486880566,Richest,Has outstanding loan
2024-06-01,5,sv2,Yes,10803199.987304688,0.19588127870710617,Richest,Mobile money/e-wallet usage
2024-06-01,5,sv40,Agree,37125224.303222656,0.6753870506633831,Richest,Would borrow at lower rates
2024-06-01,5,sv41,Agree,40223230.64013672,0.7317463966901016,Richest,Lenders not trustworthy
2024-06-01,5,sv42,Agree,38872149.92138672,0.7071673553786793,Richest,No current borrowing needs
2024-06-01,5,sv44,Yes,1294134.765625,0.023543072908533136,Richest,Opened new account
2024-06-01,5,sv7,Yes,38693933.91845703,0.7015900162046925,Richest,Has payment card
2024-06-01,5,sv9,Yes,4344012.9755859375,0.07876470095693656,Richest,QRIS transaction usage
2024-06-01,5,wb6,Yes,6126951.395019531,0.11109255361773071,Richest,Borrowed for basic needs
2024-07-01,1,sv1,Yes,6748133.617797852,0.1305875363277921,Poorest,Bank account usage
2024-07-01,1,sv12,Yes,6050285.151489258,0.11818709068757284,Poorest,Applied for credit/loan
2024-07-01,1,sv19,Yes,21290367.47314453,0.4134886841534898,Poorest,Has outstanding loan
2024-07-01,1,sv2,Yes,2077506.861328125,0.04020319070289205,Poorest,Mobile money/e-wallet usage
2024-07-01,1,sv44,Yes,1581881.8819580078,0.030612028366130622,Poorest,Opened new account
2024-07-01,1,sv7,Yes,20345815.74182129,0.39372515465553176,Poorest,Has payment card
2024-07-01,1,sv9,Yes,589600.8125,0.011409749996379807,Poorest,QRIS transaction usage
2024-07-01,1,wb6,Yes,14905189.912231445,0.2761618112363308,Poorest,Borrowed for basic needs
2024-07-01,2,sv1,Yes,16016033.322265625,0.28774867491442113,2,Bank account usage
2024-07-01,2,sv12,Yes,6114126.893066406,0.11085995089335886,2,Applied for credit/loan
2024-07-01,2,sv19,Yes,24471033.561523438,0.44176779492322155,2,Has outstanding loan
2024-07-01,2,sv2,Yes,6628896.4873046875,0.11909666657068095,2,Mobile money/e-wallet usage
2024-07-01,2,sv44,Yes,1735701.99609375,0.03118412277077111,2,Opened new account
2024-07-01,2,sv7,Yes,25420077.379882813,0.45670444329773713,2,Has payment card
2024-07-01,2,sv9,Yes,1299704.263671875,0.023350861735051708,2,QRIS transaction usage
2024-07-01,2,wb6,Yes,15342520.509765625,0.2756481494325383,2,Borrowed for basic needs
2024-07-01,3,sv1,Yes,19473896.748535156,0.352474903262078,3,Bank account usage
2024-07-01,3,sv12,Yes,4039657.0556640625,0.07388422764858353,3,Applied for credit/loan
2024-07-01,3,sv19,Yes,26840564.95654297,0.48776794379299465,3,Has outstanding loan
2024-07-01,3,sv2,Yes,11837352.02734375,0.21425447431475164,3,Mobile money/e-wallet usage
2024-07-01,3,sv40,Agree,144147.703125,1,3,Would borrow at lower rates
2024-07-01,3,sv41,Agree,144147.703125,1,3,Lenders not trustworthy
2024-07-01,3,sv42,Agree,144147.703125,1,3,No current borrowing needs
2024-07-01,3,sv44,Yes,1311455.0263671875,0.023752137023009646,3,Opened new account
2024-07-01,3,sv7,Yes,26959009.087402344,0.48795442652423426,3,Has payment card
2024-07-01,3,sv9,Yes,5186032.03125,0.09386647994148276,3,QRIS transaction usage
2024-07-01,3,wb6,Yes,11641545.641845703,0.21071040516014278,3,Borrowed for basic needs
2024-07-01,4,sv1,Yes,23068049.322265625,0.41538845271319436,4,Bank account usage
2024-07-01,4,sv12,Yes,4128194.140625,0.07578924048544768,4,Applied for credit/loan
2024-07-01,4,sv19,Yes,26352806.862304688,0.48197058324769865,4,Has outstanding loan
2024-07-01,4,sv2,Yes,9757957.4423828125,0.17571242314452004,4,Mobile money/e-wallet usage
2024-07-01,4,sv40,Agree,393547.71875,1,4,Would borrow at lower rates
2024-07-01,4,sv44,Yes,750770.736328125,0.013519196623386447,4,Opened new account
2024-07-01,4,sv7,Yes,39132003.10449219,0.7046535228903545,4,Has payment card
2024-07-01,4,sv9,Yes,5915573.912109375,0.10652227502781808,4,QRIS transaction usage
2024-07-01,4,wb6,Yes,10651273.208984375,0.19179844103398064,4,Borrowed for basic needs
2024-07-01,5,sv1,Yes,32915544.114746094,0.5999565536215359,Richest,Bank account usage
2024-07-01,5,sv12,Yes,5827873.337402344,0.10657469040789053,Richest,Applied for credit/loan
2024-07-01,5,sv19,Yes,28864423.470703125,0.5294808409998393,Richest,Has outstanding loan
2024-07-01,5,sv2,Yes,7714071.267578125,0.1406055326308187,Richest,Mobile money/e-wallet usage
2024-07-01,5,sv44,Yes,2270659.8037109375,0.041552689885599556,Richest,Opened new account
2024-07-01,5,sv7,Yes,37616161.92529297,0.6856354186488433,Richest,Has payment card
2024-07-01,5,sv9,Yes,4143871.5048828125,0.07553096670840671,Richest,QRIS transaction usage
2024-07-01,5,wb6,Yes,6818295.8369140625,0.12427809966095654,Richest,Borrowed for basic needs
2024-08-01,1,sv1,Yes,4391442.9775390625,0.08462132783064576,Poorest,Bank account usage
2024-08-01,1,sv12,Yes,5279560.708984375,0.10303796987915176,Poorest,Applied for credit/loan
2024-08-01,1,sv19,Yes,21147083.060546875,0.4106914198867435,Poorest,Has outstanding loan
2024-08-01,1,sv2,Yes,1183360.5495605469,0.022802878579635488,Poorest,Mobile money/e-wallet usage
2024-08-01,1,sv44,Yes,908835.9375,0.01754577979396298,Poorest,Opened new account
2024-08-01,1,sv7,Yes,18276037.470458984,0.35217184104245125,Poorest,Has payment card
2024-08-01,1,sv9,Yes,931607.609375,0.017951701371430324,Poorest,QRIS transaction usage
2024-08-01,1,wb6,Yes,13215784.452148438,0.2393253782016179,Poorest,Borrowed for basic needs
2024-08-01,2,sv1,Yes,12827755.359375,0.2282072476242581,2,Bank account usage
2024-08-01,2,sv12,Yes,5295297.59375,0.09445015964169377,2,Applied for credit/loan
2024-08-01,2,sv19,Yes,24874387.349609375,0.44624342983535925,2,Has outstanding loan
2024-08-01,2,sv2,Yes,7568675.8486328125,0.13464761645258294,2,Mobile money/e-wallet usage
2024-08-01,2,sv44,Yes,1544516.6640625,0.027477129625636795,2,Opened new account
2024-08-01,2,sv7,Yes,28279136.034179688,0.5030890922655197,2,Has payment card
2024-08-01,2,sv9,Yes,1529726.4296875,0.02721400964993741,2,QRIS transaction usage
2024-08-01,2,wb6,Yes,8839617.5791015625,0.15725781645059853,2,Borrowed for basic needs
2024-08-01,3,sv1,Yes,15664516.532226563,0.2874047186669131,3,Bank account usage
2024-08-01,3,sv12,Yes,5277831.854003906,0.09802745548617088,3,Applied for credit/loan
2024-08-01,3,sv19,Yes,26092931.37158203,0.49072269654051726,3,Has outstanding loan
2024-08-01,3,sv2,Yes,11233357.721679688,0.2061040319400935,3,Mobile money/e-wallet usage
2024-08-01,3,sv44,Yes,1025082.6015625,0.01880770313634066,3,Opened new account
2024-08-01,3,sv7,Yes,25560303.15234375,0.46896766468515966,3,Has payment card
2024-08-01,3,sv9,Yes,3273129.703125,0.06005374756071351,3,QRIS transaction usage
2024-08-01,3,wb6,Yes,11049750.75390625,0.20273530308021154,3,Borrowed for basic needs
2024-08-01,4,sv1,Yes,27795990.55078125,0.5009837927897244,4,Bank account usage
2024-08-01,4,sv12,Yes,2994141.1484375,0.05426602885795437,4,Applied for credit/loan
2024-08-01,4,sv19,Yes,32487205.383789063,0.5883301000591814,4,Has outstanding loan
2024-08-01,4,sv2,Yes,8713600.501953125,0.15705044295319157,4,Mobile money/e-wallet usage
2024-08-01,4,sv44,Yes,1044080.5625,0.01881808958107367,4,Opened new account
2024-08-01,4,sv7,Yes,36201961.353515625,0.6524896413451085,4,Has payment card
2024-08-01,4,sv9,Yes,4488953.41796875,0.0809070971902159,4,QRIS transaction usage
2024-08-01,4,wb6,Yes,6657943.078125,0.12000009747317332,4,Borrowed for basic needs
2024-08-01,5,sv1,Yes,27311103.10546875,0.4955819765188949,Richest,Bank account usage
2024-08-01,5,sv12,Yes,3463046.4018554688,0.06327948595299782,Richest,Applied for credit/loan
2024-08-01,5,sv19,Yes,27234205.310546875,0.49772866576080516,Richest,Has outstanding loan
2024-08-01,5,sv2,Yes,10216693.1953125,0.18539013190595954,Richest,Mobile money/e-wallet usage
2024-08-01,5,sv44,Yes,2159950.6240234375,0.03919404482869142,Richest,Opened new account
2024-08-01,5,sv7,Yes,39332866.00390625,0.7137265529368352,Richest,Has payment card
2024-08-01,5,sv9,Yes,6799823.441894531,0.12338827649326355,Richest,QRIS transaction usage
2024-08-01,5,wb6,Yes,6122058.347167969,0.11108968262237563,Richest,Borrowed for basic needs
2024-09-01,1,sv1,Yes,6479288.154296875,0.11731221732414712,Poorest,Bank account usage
2024-09-01,1,sv12,Yes,7331195.0517578125,0.1338732281823519,Poorest,Applied for credit/loan
2024-09-01,1,sv19,Yes,22526745.190429688,0.4089788803874992,Poorest,Has outstanding loan
2024-09-01,1,sv2,Yes,2974415.5446777344,0.05385395347143993,Poorest,Mobile money/e-wallet usage
2024-09-01,1,sv44,Yes,171575.46875,0.003106498460659475,Poorest,Opened new account
2024-09-01,1,sv7,Yes,19870939.494873047,0.3597777899276798,Poorest,Has payment card
2024-09-01,1,sv9,Yes,583851.28125,0.010571051442674185,Poorest,QRIS transaction usage
2024-09-01,1,wb6,Yes,15074517.583984375,0.27230214993697865,Poorest,Borrowed for basic needs
2024-09-01,2,sv1,Yes,18303947.286132813,0.3327837690186718,2,Bank account usage
2024-09-01,2,sv12,Yes,7231841.513671875,0.1332373171326175,2,Applied for credit/loan
2024-09-01,2,sv19,Yes,27485488.143554688,0.5010532316155143,2,Has outstanding loan
2024-09-01,2,sv2,Yes,3594775.4072265625,0.06535655343035203,2,Mobile money/e-wallet usage
2024-09-01,2,sv44,Yes,1001132.625,0.018201576033135828,2,Opened new account
2024-09-01,2,sv7,Yes,31587896.076171875,0.5742990267220941,2,Has payment card
2024-09-01,2,sv9,Yes,928010.11328125,0.016872136832427834,2,QRIS transaction usage
2024-09-01,2,wb6,Yes,14676067.935546875,0.2668253533305072,2,Borrowed for basic needs
2024-09-01,3,sv1,Yes,20637442.8984375,0.37224470802609777,3,Bank account usage
2024-09-01,3,sv12,Yes,5845957.4765625,0.10544556051373738,3,Applied for credit/loan
2024-09-01,3,sv19,Yes,24866800.651367188,0.4557325554930121,3,Has outstanding loan
2024-09-01,3,sv2,Yes,7869028.31640625,0.14193639020614884,3,Mobile money/e-wallet usage
2024-09-01,3,sv44,Yes,1253724.1171875,0.022613856292393292,3,Opened new account
2024-09-01,3,sv7,Yes,27942754.930664063,0.504013152297922,3,Has payment card
2024-09-01,3,sv9,Yes,2232325.3984375,0.040265226668344846,3,QRIS transaction usage
2024-09-01,3,wb6,Yes,9265694.58984375,0.1671285436974616,3,Borrowed for basic needs
2024-09-01,4,sv1,Yes,25331309.536621094,0.45730587219544755,4,Bank account usage
2024-09-01,4,sv12,Yes,5113089.759765625,0.09244359415272183,4,Applied for credit/loan
2024-09-01,4,sv19,Yes,30749358.388183594,0.5593717050824569,4,Has outstanding loan
2024-09-01,4,sv2,Yes,11630183.556640625,0.20995958489527528,4,Mobile money/e-wallet usage
2024-09-01,4,sv44,Yes,2128650.52734375,0.038428506216740946,4,Opened new account
2024-09-01,4,sv7,Yes,33970289.58886719,0.6132652907940032,4,Has payment card
2024-09-01,4,sv9,Yes,6657911.138671875,0.12019520174700986,4,QRIS transaction usage
2024-09-01,4,wb6,Yes,5391967.31640625,0.09734113086075429,4,Borrowed for basic needs
2024-09-01,5,sv1,Yes,27944761.83154297,0.5067798586953479,Richest,Bank account usage
2024-09-01,5,sv12,Yes,2181385.498046875,0.039559551128915,Richest,Applied for credit/loan
2024-09-01,5,sv19,Yes,24853729.3984375,0.45391294440814434,Richest,Has outstanding loan
2024-09-01,5,sv2,Yes,8242208.452636719,0.1494729230524348,Richest,Mobile money/e-wallet usage
2024-09-01,5,sv44,Yes,1319641.0927734375,0.023931766910584944,Richest,Opened new account
2024-09-01,5,sv7,Yes,38999869.59326172,0.7072648720627469,Richest,Has payment card
2024-09-01,5,sv9,Yes,5939137.845703125,0.10770660549413724,Richest,QRIS transaction usage
2024-09-01,5,wb6,Yes,4805072.329589844,0.08714026231069197,Richest,Borrowed for basic needs
2024-10-01,1,sv1,Yes,9142168.025390625,0.17284889813503254,Poorest,Bank account usage
2024-10-01,1,sv12,Yes,4833829.0146484375,0.09241907659651939,Poorest,Applied for credit/loan
2024-10-01,1,sv19,Yes,23704031.274414063,0.4487789828094206,Poorest,Has outstanding loan
2024-10-01,1,sv2,Yes,3959042.8364257813,0.07485272531034572,Poorest,Mobile money/e-wallet usage
2024-10-01,1,sv40,Agree,35877043.41699219,0.6783191258076724,Poorest,Would borrow at lower rates
2024-10-01,1,sv41,Agree,43772931.02783203,0.827604882702674,Poorest,Lenders not trustworthy
2024-10-01,1,sv42,Agree,40880931.596191406,0.7729265051255058,Poorest,No current borrowing needs
2024-10-01,1,sv44,Yes,991981.30859375,0.018755165698636472,Poorest,Opened new account
2024-10-01,1,sv7,Yes,14960156.029785156,0.2828482782743473,Poorest,Has payment card
2024-10-01,1,sv9,Yes,924158.984375,0.017472864391374406,Poorest,QRIS transaction usage
2024-10-01,1,wb6,Yes,14495750.178710938,0.270587493558225,Poorest,Borrowed for basic needs
2024-10-01,2,sv1,Yes,12984819.18359375,0.233727175466772,2,Bank account usage
2024-10-01,2,sv12,Yes,3248816.9189453125,0.05886095808235221,2,Applied for credit/loan
2024-10-01,2,sv19,Yes,26017779.640625,0.4705396408442533,2,Has outstanding loan
2024-10-01,2,sv2,Yes,1697552.12109375,0.030555994416324193,2,Mobile money/e-wallet usage
2024-10-01,2,sv40,Agree,40729362.0859375,0.7332153424932778,2,Would borrow at lower rates
2024-10-01,2,sv41,Agree,43775483.197265625,0.7880520160754942,2,Lenders not trustworthy
2024-10-01,2,sv42,Agree,43781906.130859375,0.7881676425722908,2,No current borrowing needs
2024-10-01,2,sv44,Yes,732398.703125,0.013183200919210335,2,Opened new account
2024-10-01,2,sv7,Yes,23119651.6484375,0.41615449558146567,2,Has payment card
2024-10-01,2,sv9,Yes,1041885.53125,0.018753974078163684,2,QRIS transaction usage
2024-10-01,2,wb6,Yes,8422950.94921875,0.1516133961221017,2,Borrowed for basic needs
2024-10-01,3,sv1,Yes,15985598.756835938,0.28907294570434017,3,Bank account usage
2024-10-01,3,sv12,Yes,7185018.408203125,0.13095746696779006,3,Applied for credit/loan
2024-10-01,3,sv19,Yes,22640576.69580078,0.4213337415768681,3,Has outstanding loan
2024-10-01,3,sv2,Yes,12431144.056640625,0.22479654879310737,3,Mobile money/e-wallet usage
2024-10-01,3,sv40,Agree,32174824.588867188,0.5818281481290736,3,Would borrow at lower rates
2024-10-01,3,sv41,Agree,41661820.31591797,0.7533846748766443,3,Lenders not trustworthy
2024-10-01,3,sv42,Agree,35399714.07421875,0.6401449066867022,3,No current borrowing needs
2024-10-01,3,sv44,Yes,537835.578125,0.009725861210341287,3,Opened new account
2024-10-01,3,sv7,Yes,28292838.5546875,0.5116288922142112,3,Has payment card
2024-10-01,3,sv9,Yes,1081316.02734375,0.019553800518601415,3,QRIS transaction usage
2024-10-01,3,wb6,Yes,4794778.3671875,0.08670558592680948,3,Borrowed for basic needs
2024-10-01,4,sv1,Yes,21417874.60888672,0.3879664433554773,4,Bank account usage
2024-10-01,4,sv12,Yes,5134896.625,0.09323571158963768,4,Applied for credit/loan
2024-10-01,4,sv19,Yes,25466459.739746094,0.46551477178408046,4,Has outstanding loan
2024-10-01,4,sv2,Yes,8979210.9228515625,0.16265071065603973,4,Mobile money/e-wallet usage
2024-10-01,4,sv40,Agree,38452212.49560547,0.6965288756933538,4,Would borrow at lower rates
2024-10-01,4,sv41,Agree,43750881.25341797,0.7925097192656821,4,Lenders not trustworthy
2024-10-01,4,sv42,Agree,44171055.399902344,0.800120813838709,4,No current borrowing needs
2024-10-01,4,sv44,Yes,2966420.01953125,0.05373415642271546,4,Opened new account
2024-10-01,4,sv7,Yes,29346042.342773438,0.531578407390669,4,Has payment card
2024-10-01,4,sv9,Yes,6335641.076171875,0.11476470843093783,4,QRIS transaction usage
2024-10-01,4,wb6,Yes,5826283.158203125,0.10553812626823843,4,Borrowed for basic needs
2024-10-01,5,sv1,Yes,28040282.911376953,0.5081411097366824,Richest,Bank account usage
2024-10-01,5,sv12,Yes,2136412.3579101563,0.0388024685703756,Richest,Applied for credit/loan
2024-10-01,5,sv19,Yes,27830444.15209961,0.5091329271223658,Richest,Has outstanding loan
2024-10-01,5,sv2,Yes,10087663.954589844,0.18280688439331788,Richest,Mobile money/e-wallet usage
2024-10-01,5,sv40,Agree,36710328.834228516,0.6652581677431934,Richest,Would borrow at lower rates
2024-10-01,5,sv41,Agree,43123543.06665039,0.7814773160071974,Richest,Lenders not trustworthy
2024-10-01,5,sv42,Agree,39979738.857177734,0.7245058451826956,Richest,No current borrowing needs
2024-10-01,5,sv44,Yes,772935.3642578125,0.0140069996793554,Richest,Opened new account
2024-10-01,5,sv7,Yes,36928860.962646484,0.6692183688081538,Richest,Has payment card
2024-10-01,5,sv9,Yes,4942428.453613281,0.08956582525043717,Richest,QRIS transaction usage
2024-10-01,5,wb6,Yes,4188284.423828125,0.07589935885252361,Richest,Borrowed for basic needs
2024-11-01,1,sv1,Yes,5701378.263671875,0.10373356489982226,Poorest,Bank account usage
2024-11-01,1,sv12,Yes,7129476.75,0.13181980116478062,Poorest,Applied for credit/loan
2024-11-01,1,sv19,Yes,20684634.052734375,0.37754701568453997,Poorest,Has outstanding loan
2024-11-01,1,sv2,Yes,2778169.5703125,0.05054732734732102,Poorest,Mobile money/e-wallet usage
2024-11-01,1,sv44,Yes,552197.9765625,0.010046950402200727,Poorest,Opened new account
2024-11-01,1,sv7,Yes,20440912.674804688,0.3719116051419185,Poorest,Has payment card
2024-11-01,1,sv9,Yes,1412673,0.025702838778732248,Poorest,QRIS transaction usage
2024-11-01,1,wb6,Yes,14364407.48828125,0.26069729202984193,Poorest,Borrowed for basic needs
2024-11-01,2,sv1,Yes,15168549.416992188,0.2736922698576812,2,Bank account usage
2024-11-01,2,sv12,Yes,3422934.552734375,0.06261739787808879,2,Applied for credit/loan
2024-11-01,2,sv19,Yes,20025725.287109375,0.3634312038715517,2,Has outstanding loan
2024-11-01,2,sv2,Yes,4277471.72265625,0.0771801516969299,2,Mobile money/e-wallet usage
2024-11-01,2,sv44,Yes,1132937.65625,0.020442052184564772,2,Opened new account
2024-11-01,2,sv7,Yes,25413303.3515625,0.4585425071087758,2,Has payment card
2024-11-01,2,sv9,Yes,2047537.796875,0.036944552299664576,2,QRIS transaction usage
2024-11-01,2,wb6,Yes,13293127.630859375,0.2398532763272756,2,Borrowed for basic needs
2024-11-01,3,sv1,Yes,19157103.431640625,0.34213989343013496,3,Bank account usage
2024-11-01,3,sv12,Yes,5596392.5546875,0.10217928815855801,3,Applied for credit/loan
2024-11-01,3,sv19,Yes,25687780.03125,0.4609705951960105,3,Has outstanding loan
2024-11-01,3,sv2,Yes,10581061.51953125,0.18897445919151085,3,Mobile money/e-wallet usage
2024-11-01,3,sv44,Yes,863859.046875,0.01542825319553847,3,Opened new account
2024-11-01,3,sv7,Yes,28069557.19140625,0.5013135383628476,3,Has payment card
2024-11-01,3,sv9,Yes,3178390.8125,0.056765068777150714,3,QRIS transaction usage
2024-11-01,3,wb6,Yes,10735131.8515625,0.1917261072770379,3,Borrowed for basic needs
2024-11-01,4,sv1,Yes,21827338.973632813,0.3996551235800312,4,Bank account usage
2024-11-01,4,sv12,Yes,3460602.5263671875,0.06336308479963375,4,Applied for credit/loan
2024-11-01,4,sv19,Yes,25906804.643554688,0.4743494946356419,4,Has outstanding loan
2024-11-01,4,sv2,Yes,8719065.906738281,0.15964471741925604,4,Mobile money/e-wallet usage
2024-11-01,4,sv44,Yes,661401.2578125,0.01211015239862053,4,Opened new account
2024-11-01,4,sv7,Yes,30006611.77001953,0.5494163145425898,4,Has payment card
2024-11-01,4,sv9,Yes,5834405.6015625,0.10682704357710374,4,QRIS transaction usage
2024-11-01,4,wb6,Yes,7369841.935546875,0.13494063995039834,4,Borrowed for basic needs
2024-11-01,5,sv1,Yes,30088286.90283203,0.5453474552380264,Richest,Bank account usage
2024-11-01,5,sv12,Yes,2121344.681640625,0.03844917883000334,Richest,Applied for credit/loan
2024-11-01,5,sv19,Yes,24092908.55859375,0.43787777688226664,Richest,Has outstanding loan
2024-11-01,5,sv2,Yes,10350579.163085938,0.18760330307463796,Richest,Mobile money/e-wallet usage
2024-11-01,5,sv44,Yes,2656588.6640625,0.04815042718248971,Richest,Opened new account
2024-11-01,5,sv7,Yes,38366635.30175781,0.6953917647564601,Richest,Has payment card
2024-11-01,5,sv9,Yes,5848238.978515625,0.10599879796603306,Richest,QRIS transaction usage
2024-11-01,5,wb6,Yes,3842637.2670898438,0.06964744991224499,Richest,Borrowed for basic needs
2024-12-01,1,sv1,Yes,4794089.08984375,0.08873593705920885,Poorest,Bank account usage
2024-12-01,1,sv12,Yes,7735477.978515625,0.14336090040586358,Poorest,Applied for credit/loan
2024-12-01,1,sv19,Yes,18288294.817382813,0.3392091252443294,Poorest,Has outstanding loan
2024-12-01,1,sv2,Yes,2922893.4375,0.054101140642179406,Poorest,Mobile money/e-wallet usage
2024-12-01,1,sv44,Yes,1221032.30859375,0.022600632581520678,Poorest,Opened new account
2024-12-01,1,sv7,Yes,17729202.19580078,0.3281577252056949,Poorest,Has payment card
2024-12-01,1,sv9,Yes,412453.90625,0.007634293643470377,Poorest,QRIS transaction usage
2024-12-01,1,wb6,Yes,13922090.866210938,0.2515014866456219,Poorest,Borrowed for basic needs
2024-12-01,2,sv1,Yes,13742782.443359375,0.24855473510872225,2,Bank account usage
2024-12-01,2,sv12,Yes,4006125.6953125,0.0735086875916982,2,Applied for credit/loan
2024-12-01,2,sv19,Yes,20192641.143554688,0.3700479086981638,2,Has outstanding loan
2024-12-01,2,sv2,Yes,5165555.875,0.09342528541738877,2,Mobile money/e-wallet usage
2024-12-01,2,sv44,Yes,1794784.77734375,0.03246083948053788,2,Opened new account
2024-12-01,2,sv7,Yes,24124509.470214844,0.4363207440495105,2,Has payment card
2024-12-01,2,sv9,Yes,1193231.24609375,0.02158102098455281,2,QRIS transaction usage
2024-12-01,2,wb6,Yes,12886183.052734375,0.2330621057588361,2,Borrowed for basic needs
2024-12-01,3,sv1,Yes,17226615.510742188,0.30996749383179545,3,Bank account usage
2024-12-01,3,sv12,Yes,2206520.216796875,0.04008336644488598,3,Applied for credit/loan
2024-12-01,3,sv19,Yes,27441490.20703125,0.4979494578929964,3,Has outstanding loan
2024-12-01,3,sv2,Yes,7523219.46875,0.1353692188010377,3,Mobile money/e-wallet usage
2024-12-01,3,sv44,Yes,2437245.0390625,0.043854623454101294,3,Opened new account
2024-12-01,3,sv7,Yes,28631158.993164063,0.5151754036117324,3,Has payment card
2024-12-01,3,sv9,Yes,2685097.55078125,0.048314363200975506,3,QRIS transaction usage
2024-12-01,3,wb6,Yes,6680805.4697265625,0.12021122355331852,3,Borrowed for basic needs
2024-12-01,4,sv1,Yes,20505858.71533203,0.3706419561134341,4,Bank account usage
2024-12-01,4,sv12,Yes,1320522.9091796875,0.023868358840540123,4,Applied for credit/loan
2024-12-01,4,sv19,Yes,27075885.14404297,0.4915547031032375,4,Has outstanding loan
2024-12-01,4,sv2,Yes,9630140.530761719,0.17406411375008798,4,Mobile money/e-wallet usage
2024-12-01,4,sv44,Yes,512281.20703125,0.00925944683858801,4,Opened new account
2024-12-01,4,sv7,Yes,29659978.51513672,0.536102028583332,4,Has payment card
2024-12-01,4,sv9,Yes,5167994.878417969,0.0934111444691103,4,QRIS transaction usage
2024-12-01,4,wb6,Yes,4681479.7333984375,0.08461741739178363,4,Borrowed for basic needs
2024-12-01,5,sv1,Yes,30100177.110351563,0.5468033461080328,Richest,Bank account usage
2024-12-01,5,sv12,Yes,5755784.699951172,0.10456025962479665,Richest,Applied for credit/loan
2024-12-01,5,sv19,Yes,26354186.576660156,0.4861557154771809,Richest,Has outstanding loan
2024-12-01,5,sv2,Yes,11537845.911376953,0.20959786143750425,Richest,Mobile money/e-wallet usage
2024-12-01,5,sv44,Yes,1273009.234375,0.02312563498981169,Richest,Opened new account
2024-12-01,5,sv7,Yes,43455477.259521484,0.7894172942941314,Richest,Has payment card
2024-12-01,5,sv9,Yes,7896919.688964844,0.1434563688459954,Richest,QRIS transaction usage
2024-12-01,5,wb6,Yes,6039254.737792969,0.10970980956415428,Richest,Borrowed for basic needs
2025-01-01,1,sv1,Yes,4965397.90234375,0.09158971008292806,Poorest,Bank account usage
2025-01-01,1,sv12,Yes,8123345.69140625,0.15146874488495748,Poorest,Applied for credit/loan
2025-01-01,1,sv19,Yes,16952503.857421875,0.3165346964348234,Poorest,Has outstanding loan
2025-01-01,1,sv2,Yes,2970958.685546875,0.054801095507201,Poorest,Mobile money/e-wallet usage
2025-01-01,1,sv44,Yes,9496.5009765625,1.7516859441114502e-4,Poorest,Opened new account
2025-01-01,1,sv7,Yes,17141996.65234375,0.31619429792114084,Poorest,Has payment card
2025-01-01,1,sv9,Yes,740998.71875,0.013668160972577625,Poorest,QRIS transaction usage
2025-01-01,1,wb6,Yes,13560196.591796875,0.2454597399199155,Poorest,Borrowed for basic needs
2025-01-01,2,sv1,Yes,14749599.999023438,0.26655186863226715,2,Bank account usage
2025-01-01,2,sv12,Yes,5386502.3525390625,0.09774308359538195,2,Applied for credit/loan
2025-01-01,2,sv19,Yes,25145728.009277344,0.4629837022561412,2,Has outstanding loan
2025-01-01,2,sv2,Yes,6577553.0390625,0.11886824413584364,2,Mobile money/e-wallet usage
2025-01-01,2,sv44,Yes,222017.951171875,0.004012264723022249,2,Opened new account
2025-01-01,2,sv7,Yes,23682040.64111328,0.42797717811547337,2,Has payment card
2025-01-01,2,sv9,Yes,2136415.578125,0.038608881906086134,2,QRIS transaction usage
2025-01-01,2,wb6,Yes,10687200.224609375,0.19313697934218044,2,Borrowed for basic needs
2025-01-01,3,sv1,Yes,17300502.40234375,0.31085057787035386,3,Bank account usage
2025-01-01,3,sv12,Yes,4081210.6889648438,0.07553003488343649,3,Applied for credit/loan
2025-01-01,3,sv19,Yes,24909837.653808594,0.45992490871006564,3,Has outstanding loan
2025-01-01,3,sv2,Yes,7625868.701171875,0.13701947130746808,3,Mobile money/e-wallet usage
2025-01-01,3,sv44,Yes,1753195.171875,0.03150091943127777,3,Opened new account
2025-01-01,3,sv7,Yes,27793352.376953125,0.4993831650900394,3,Has payment card
2025-01-01,3,sv9,Yes,2311199.9140625,0.04152699223133031,3,QRIS transaction usage
2025-01-01,3,wb6,Yes,7229004.962890625,0.1298887348981137,3,Borrowed for basic needs
2025-01-01,4,sv1,Yes,17331033.420410156,0.31558082142719307,4,Bank account usage
2025-01-01,4,sv12,Yes,1973366.0424804688,0.03615424356057812,4,Applied for credit/loan
2025-01-01,4,sv19,Yes,27709737.317382813,0.5045666609732071,4,Has outstanding loan
2025-01-01,4,sv2,Yes,8591274.1962890625,0.15643852863258664,4,Mobile money/e-wallet usage
2025-01-01,4,sv44,Yes,1479186.6953125,0.02693451342613859,4,Opened new account
2025-01-01,4,sv7,Yes,30036615.217773438,0.5469367852094962,4,Has payment card
2025-01-01,4,sv9,Yes,3785664.8369140625,0.06893317841476457,4,QRIS transaction usage
2025-01-01,4,wb6,Yes,7638463.544433594,0.13908879761060286,4,Borrowed for basic needs
2025-01-01,5,sv1,Yes,28132749.268798828,0.5088290290582503,Richest,Bank account usage
2025-01-01,5,sv12,Yes,3327344.8173828125,0.06018073870400599,Richest,Applied for credit/loan
2025-01-01,5,sv19,Yes,23782939.16040039,0.43364439647830627,Richest,Has outstanding loan
2025-01-01,5,sv2,Yes,7024517.958496094,0.1270504570411088,Richest,Mobile money/e-wallet usage
2025-01-01,5,sv44,Yes,590483.208984375,0.010679901741275779,Richest,Opened new account
2025-01-01,5,sv7,Yes,37052031.111572266,0.6701495411984798,Richest,Has payment card
2025-01-01,5,sv9,Yes,4949279.406738281,0.08951620799683604,Richest,QRIS transaction usage
2025-01-01,5,wb6,Yes,4320433.607421875,0.07814245300274449,Richest,Borrowed for basic needs
2025-02-01,1,sv1,Yes,6342233.0087890625,0.11546593176292559,Poorest,Bank account usage
2025-02-01,1,sv12,Yes,6752694.572753906,0.1271124371128301,Poorest,Applied for credit/loan
2025-02-01,1,sv19,Yes,18404360.920410156,0.3439003598221254,Poorest,Has outstanding loan
2025-02-01,1,sv2,Yes,886127.3310546875,0.016132727668477707,Poorest,Mobile money/e-wallet usage
2025-02-01,1,sv40,Agree,39825132.48706055,0.7250515747100241,Poorest,Would borrow at lower rates
2025-02-01,1,sv41,Agree,42333145.69067383,0.7707121616086154,Poorest,Lenders not trustworthy
2025-02-01,1,sv42,Agree,42201778.291259766,0.7683205025264599,Poorest,No current borrowing needs
2025-02-01,1,sv44,Yes,1709440.150390625,0.03112186188748934,Poorest,Opened new account
2025-02-01,1,sv7,Yes,19485223.279296875,0.35474563271875703,Poorest,Has payment card
2025-02-01,1,sv9,Yes,1330046.265625,0.024214662428101597,Poorest,QRIS transaction usage
2025-02-01,1,wb6,Yes,14239323.846191406,0.2541491293999647,Poorest,Borrowed for basic needs
2025-02-01,2,sv1,Yes,16706189.241455078,0.3024879839653919,2,Bank account usage
2025-02-01,2,sv12,Yes,6354424.4921875,0.11701558474255992,2,Applied for credit/loan
2025-02-01,2,sv19,Yes,24752677.89453125,0.4552840044942886,2,Has outstanding loan
2025-02-01,2,sv2,Yes,7047535.7109375,0.12760509523235317,2,Mobile money/e-wallet usage
2025-02-01,2,sv40,Agree,41631586.892578125,0.753795770322494,2,Would borrow at lower rates
2025-02-01,2,sv41,Agree,46580717.55883789,0.8434064251511485,2,Lenders not trustworthy
2025-02-01,2,sv42,Agree,41273630.65258789,0.7473144920478653,2,No current borrowing needs
2025-02-01,2,sv44,Yes,1198403.78125,0.021698709294355013,2,Opened new account
2025-02-01,2,sv7,Yes,27534417.189697266,0.49854758766327323,2,Has payment card
2025-02-01,2,sv9,Yes,4542349.6279296875,0.08224533803369785,2,QRIS transaction usage
2025-02-01,2,wb6,Yes,13920160,0.25204318435632345,2,Borrowed for basic needs
2025-02-01,3,sv1,Yes,17788689.028808594,0.3243133191829083,3,Bank account usage
2025-02-01,3,sv12,Yes,4188040.806640625,0.07655599751821936,3,Applied for credit/loan
2025-02-01,3,sv19,Yes,21011943.927734375,0.3866114851426514,3,Has outstanding loan
2025-02-01,3,sv2,Yes,4581576.4609375,0.08352871123502008,3,Mobile money/e-wallet usage
2025-02-01,3,sv40,Agree,39484716.48779297,0.7198630230937199,3,Would borrow at lower rates
2025-02-01,3,sv41,Agree,45387112.84814453,0.8274721758344679,3,Lenders not trustworthy
2025-02-01,3,sv42,Agree,44813897.74902344,0.8170216422903345,3,No current borrowing needs
2025-02-01,3,sv44,Yes,2877289.8125,0.05245712080478932,3,Opened new account
2025-02-01,3,sv7,Yes,25425022.01611328,0.4635346239956433,3,Has payment card
2025-02-01,3,sv9,Yes,3168825.390625,0.05777223260692976,3,QRIS transaction usage
2025-02-01,3,wb6,Yes,6747000.33984375,0.12300749488617535,3,Borrowed for basic needs
2025-02-01,4,sv1,Yes,16691116.505859375,0.3009259177133673,4,Bank account usage
2025-02-01,4,sv12,Yes,803320.482421875,0.014483150561311189,4,Applied for credit/loan
2025-02-01,4,sv19,Yes,23781489.19921875,0.4293564896541723,4,Has outstanding loan
2025-02-01,4,sv2,Yes,12292201.1796875,0.2216174046485301,4,Mobile money/e-wallet usage
2025-02-01,4,sv40,Agree,38713041.50488281,0.6979615496808089,4,Would borrow at lower rates
2025-02-01,4,sv41,Agree,43949152.03417969,0.7923639442554408,4,Lenders not trustworthy
2025-02-01,4,sv42,Agree,43935136.30761719,0.7921112532280454,4,No current borrowing needs
2025-02-01,4,sv44,Yes,2320834.8359375,0.04184257851297563,4,Opened new account
2025-02-01,4,sv7,Yes,30120945.350585938,0.5430537327348534,4,Has payment card
2025-02-01,4,sv9,Yes,3908086.09765625,0.07045930061222758,4,QRIS transaction usage
2025-02-01,4,wb6,Yes,6423882.2431640625,0.11581685734612993,4,Borrowed for basic needs
2025-02-01,5,sv1,Yes,27394807.217773438,0.49739382604171184,Richest,Bank account usage
2025-02-01,5,sv12,Yes,3649807.2348632813,0.06641027462672146,Richest,Applied for credit/loan
2025-02-01,5,sv19,Yes,26826597.247070313,0.48864978235372475,Richest,Has outstanding loan
2025-02-01,5,sv2,Yes,10180878.054199219,0.18484911565856335,Richest,Mobile money/e-wallet usage
2025-02-01,5,sv40,Agree,36445214.42871094,0.6617175474717756,Richest,Would borrow at lower rates
2025-02-01,5,sv41,Agree,39566177.17138672,0.7183833085108238,Richest,Lenders not trustworthy
2025-02-01,5,sv42,Agree,41347591.26171875,0.7507275540136721,Richest,No current borrowing needs
2025-02-01,5,sv44,Yes,818519.072265625,0.014861441798289887,Richest,Opened new account
2025-02-01,5,sv7,Yes,37890997.03515625,0.6879678998297156,Richest,Has payment card
2025-02-01,5,sv9,Yes,6073774.166015625,0.11027848259460617,Richest,QRIS transaction usage
2025-02-01,5,wb6,Yes,3640609.2309570313,0.06610072267030428,Richest,Borrowed for basic needs
2025-03-01,1,sv1,Yes,8724096.5234375,0.16106326821874892,Poorest,Bank account usage
2025-03-01,1,sv12,Yes,3421346.578125,0.06316450764860608,Poorest,Applied for credit/loan
2025-03-01,1,sv19,Yes,15011464.15625,0.2788214881202335,Poorest,Has outstanding loan
2025-03-01,1,sv2,Yes,3616118.984375,0.06676037344687834,Poorest,Mobile money/e-wallet usage
2025-03-01,1,sv40,Agree,76143.7890625,1,Poorest,Would borrow at lower rates
2025-03-01,1,sv41,Agree,76143.7890625,1,Poorest,Lenders not trustworthy
2025-03-01,1,sv42,Agree,76143.7890625,1,Poorest,No current borrowing needs
2025-03-01,1,sv44,Yes,251300.671875,0.004639484147042279,Poorest,Opened new account
2025-03-01,1,sv7,Yes,21066656.469726563,0.3889301926383162,Poorest,Has payment card
2025-03-01,1,sv9,Yes,1085697.953125,0.020044030938783926,Poorest,QRIS transaction usage
2025-03-01,1,wb6,Yes,13731326.212890625,0.24724209346947104,Poorest,Borrowed for basic needs
2025-03-01,2,sv1,Yes,12160161.16796875,0.22072807761415442,2,Bank account usage
2025-03-01,2,sv12,Yes,4224500.9384765625,0.07668204048852119,2,Applied for credit/loan
2025-03-01,2,sv19,Yes,17899447.729492188,0.3249061121075435,2,Has outstanding loan
2025-03-01,2,sv2,Yes,6021595.359375,0.1093024302462578,2,Mobile money/e-wallet usage
2025-03-01,2,sv44,Yes,84978.1640625,0.0015425014959591242,2,Opened new account
2025-03-01,2,sv7,Yes,24632432.129882813,0.4471214908986589,2,Has payment card
2025-03-01,2,sv9,Yes,4151346.53125,0.07535416074637963,2,QRIS transaction usage
2025-03-01,2,wb6,Yes,5712621.4443359375,0.10369401623286989,2,Borrowed for basic needs
2025-03-01,3,sv1,Yes,13260564.990234375,0.2404513767484592,3,Bank account usage
2025-03-01,3,sv12,Yes,2517698.765625,0.04565296688928845,3,Applied for credit/loan
2025-03-01,3,sv19,Yes,22156528.306640625,0.40176023715591197,3,Has outstanding loan
2025-03-01,3,sv2,Yes,9222929.083984375,0.1672376703051966,3,Mobile money/e-wallet usage
2025-03-01,3,sv44,Yes,595452.810546875,0.01079723587872593,3,Opened new account
2025-03-01,3,sv7,Yes,23063334.466796875,0.4182031858397825,3,Has payment card
2025-03-01,3,sv9,Yes,5777128.4375,0.10475560336023043,3,QRIS transaction usage
2025-03-01,3,wb6,Yes,4770520.099609375,0.08650296021338658,3,Borrowed for basic needs
2025-03-01,4,sv1,Yes,22645501.229492188,0.4107060492709426,4,Bank account usage
2025-03-01,4,sv12,Yes,4661645.13671875,0.08454508636406075,4,Applied for credit/loan
2025-03-01,4,sv19,Yes,22741597.891601563,0.4124488890536923,4,Has outstanding loan
2025-03-01,4,sv2,Yes,11253139.837890625,0.20409054133429547,4,Mobile money/e-wallet usage
2025-03-01,4,sv44,Yes,551272.6171875,0.010003328886848586,4,Opened new account
2025-03-01,4,sv7,Yes,33558371.435546875,0.6086253517899889,4,Has payment card
2025-03-01,4,sv9,Yes,5884199.7890625,0.10671772834683094,4,QRIS transaction usage
2025-03-01,4,wb6,Yes,7950318.9853515625,0.14418952655660563,4,Borrowed for basic needs
2025-03-01,5,sv1,Yes,33193292.946289063,0.6043122315760894,Richest,Bank account usage
2025-03-01,5,sv12,Yes,3414534.439453125,0.0621645140853679,Richest,Applied for credit/loan
2025-03-01,5,sv19,Yes,26413543.086914063,0.48205347790757064,Richest,Has outstanding loan
2025-03-01,5,sv2,Yes,16842864.31640625,0.3066387217939057,Richest,Mobile money/e-wallet usage
2025-03-01,5,sv44,Yes,1597109.345703125,0.029076738916341393,Richest,Opened new account
2025-03-01,5,sv7,Yes,40832516.92285156,0.7433908248405808,Richest,Has payment card
2025-03-01,5,sv9,Yes,6968409.7529296875,0.12686584772241816,Richest,QRIS transaction usage
2025-03-01,5,wb6,Yes,5421812.5478515625,0.09809596857929721,Richest,Borrowed for basic needs
2025-04-01,1,sv1,Yes,5245818.26953125,0.09580154311676765,Poorest,Bank account usage
2025-04-01,1,sv12,Yes,8146356.3603515625,0.1487725022107012,Poorest,Applied for credit/loan
2025-04-01,1,sv19,Yes,16546513.487304688,0.30218003061471754,Poorest,Has outstanding loan
2025-04-01,1,sv2,Yes,4959244.21875,0.09056799615203075,Poorest,Mobile money/e-wallet usage
2025-04-01,1,sv40,Agree,35824637.90332031,0.6542459948854095,Poorest,Would borrow at lower rates
2025-04-01,1,sv41,Agree,39055314.537109375,0.7132460957135178,Poorest,Lenders not trustworthy
2025-04-01,1,sv42,Agree,35838674.60644531,0.654502339606205,Poorest,No current borrowing needs
2025-04-01,1,sv44,Yes,834854.1875,0.015246490696129676,Poorest,Opened new account
2025-04-01,1,sv7,Yes,18761913.1484375,0.34263867695967615,Poorest,Has payment card
2025-04-01,1,sv9,Yes,2159523.5390625,0.03943821093475612,Poorest,QRIS transaction usage
2025-04-01,1,wb6,Yes,12659720.272460938,0.22826705077688547,Poorest,Borrowed for basic needs
2025-04-01,2,sv1,Yes,9731037.41796875,0.1765105010039033,2,Bank account usage
2025-04-01,2,sv12,Yes,4539390.5947265625,0.08250045290007457,2,Applied for credit/loan
2025-04-01,2,sv19,Yes,19692652.348632813,0.35720342886919454,2,Has outstanding loan
2025-04-01,2,sv2,Yes,2692920.7109375,0.04884667106239382,2,Mobile money/e-wallet usage
2025-04-01,2,sv40,Agree,38748037.166503906,0.7028475135187724,2,Would borrow at lower rates
2025-04-01,2,sv41,Agree,42263041.05419922,0.7666058848618019,2,Lenders not trustworthy
2025-04-01,2,sv42,Agree,40102165.34277344,0.7274099350315579,2,No current borrowing needs
2025-04-01,2,sv44,Yes,850634.75390625,0.01542959503023528,2,Opened new account
2025-04-01,2,sv7,Yes,22579465.241210938,0.40956709453885715,2,Has payment card
2025-04-01,2,sv9,Yes,1574369.17578125,0.028557355197207524,2,QRIS transaction usage
2025-04-01,2,wb6,Yes,9048206.453125,0.16412468533711824,2,Borrowed for basic needs
2025-04-01,3,sv1,Yes,10642295.236328125,0.18608652560225517,3,Bank account usage
2025-04-01,3,sv12,Yes,1583410.52734375,0.027686824795991626,3,Applied for credit/loan
2025-04-01,3,sv19,Yes,21210176.1328125,0.37087187456460285,3,Has outstanding loan
2025-04-01,3,sv2,Yes,5839148.64453125,0.1021008024685133,3,Mobile money/e-wallet usage
2025-04-01,3,sv40,Agree,34834865.310546875,0.6091072378197578,3,Would borrow at lower rates
2025-04-01,3,sv41,Agree,44641138.92138672,0.7805754544801216,3,Lenders not trustworthy
2025-04-01,3,sv42,Agree,39919677.3359375,0.6980180396847112,3,No current borrowing needs
2025-04-01,3,sv44,Yes,66551.59375,0.0011636920964150203,3,Opened new account
2025-04-01,3,sv7,Yes,31295408.169433594,0.5472178364000777,3,Has payment card
2025-04-01,3,sv9,Yes,3901801.1875,0.0682251911311514,3,QRIS transaction usage
2025-04-01,3,wb6,Yes,6293875.91796875,0.11005196493220067,3,Borrowed for basic needs
2025-04-01,4,sv1,Yes,25377091.592285156,0.4725342012057848,4,Bank account usage
2025-04-01,4,sv12,Yes,3943613.7255859375,0.07343206982199792,4,Applied for credit/loan
2025-04-01,4,sv19,Yes,21805867.466796875,0.4060362129186852,4,Has outstanding loan
2025-04-01,4,sv2,Yes,7310080.775390625,0.13611737843902874,4,Mobile money/e-wallet usage
2025-04-01,4,sv40,Agree,35999403.50683594,0.6703269883440431,4,Would borrow at lower rates
2025-04-01,4,sv41,Agree,46311239.505859375,0.8623385578749242,4,Lenders not trustworthy
2025-04-01,4,sv42,Agree,38258741.986328125,0.7123970064853221,4,No current borrowing needs
2025-04-01,4,sv44,Yes,1041359.90625,0.019390644892386743,4,Opened new account
2025-04-01,4,sv7,Yes,32914447.118652344,0.6128835497473135,4,Has payment card
2025-04-01,4,sv9,Yes,4037309.703125,0.07517673601991935,4,QRIS transaction usage
2025-04-01,4,wb6,Yes,9047770.6953125,0.168474038195234,4,Borrowed for basic needs
2025-04-01,5,sv1,Yes,32632185.372070313,0.5923758272650437,Richest,Bank account usage
2025-04-01,5,sv12,Yes,4403302.7578125,0.0799336631646543,Richest,Applied for credit/loan
2025-04-01,5,sv19,Yes,27270275.204101563,0.49601803076918993,Richest,Has outstanding loan
2025-04-01,5,sv2,Yes,16835061.543945313,0.3056088152063541,Richest,Mobile money/e-wallet usage
2025-04-01,5,sv40,Agree,32957338.65185547,0.5982783722801726,Richest,Would borrow at lower rates
2025-04-01,5,sv41,Agree,42688513.36669922,0.7749295099909815,Richest,Lenders not trustworthy
2025-04-01,5,sv42,Agree,37715526.841308594,0.6846543116440899,Richest,No current borrowing needs
2025-04-01,5,sv44,Yes,950175.435546875,0.017248644344878983,Richest,Opened new account
2025-04-01,5,sv7,Yes,44773502.138671875,0.8127785518051637,Richest,Has payment card
2025-04-01,5,sv9,Yes,9773702.6005859375,0.17742315132899364,Richest,QRIS transaction usage
2025-04-01,5,wb6,Yes,4251457.57421875,0.0771772000218411,Richest,Borrowed for basic needs
2025-05-01,1,sv1,Yes,6427042.001953125,0.118225718622569,Poorest,Bank account usage
2025-05-01,1,sv12,Yes,7416318.73828125,0.13685514996479564,Poorest,Applied for credit/loan
2025-05-01,1,sv19,Yes,15430765.90234375,0.28384961342198023,Poorest,Has outstanding loan
2025-05-01,1,sv2,Yes,4623468.2734375,0.08504890103249453,Poorest,Mobile money/e-wallet usage
2025-05-01,1,sv44,Yes,63661.5546875,0.00117105708182278,Poorest,Opened new account
2025-05-01,1,sv7,Yes,22419267.700195313,0.4124034095376793,Poorest,Has payment card
2025-05-01,1,sv9,Yes,1647654.0703125,0.030308668660466127,Poorest,QRIS transaction usage
2025-05-01,1,wb6,Yes,11782599.024414063,0.2131665600050461,Poorest,Borrowed for basic needs
2025-05-01,2,sv1,Yes,13396615.169921875,0.24112789985717087,2,Bank account usage
2025-05-01,2,sv12,Yes,5099422.1767578125,0.09181123180361203,2,Applied for credit/loan
2025-05-01,2,sv19,Yes,14851525.883789063,0.2673904686238063,2,Has outstanding loan
2025-05-01,2,sv2,Yes,9992405.03125,0.1798549565801696,2,Mobile money/e-wallet usage
2025-05-01,2,sv7,Yes,22734895.142578125,0.4092091509436729,2,Has payment card
2025-05-01,2,sv9,Yes,2487160.984375,0.04476682334770201,2,QRIS transaction usage
2025-05-01,2,wb6,Yes,7058541.7421875,0.1270478643119651,2,Borrowed for basic needs
2025-05-01,3,sv1,Yes,11764783.7578125,0.20752083453268744,3,Bank account usage
2025-05-01,3,sv12,Yes,1724566.6796875,0.030423586428791564,3,Applied for credit/loan
2025-05-01,3,sv19,Yes,23613194.374023438,0.41651677611378674,3,Has outstanding loan
2025-05-01,3,sv2,Yes,4772996.7919921875,0.08419162628792999,3,Mobile money/e-wallet usage
2025-05-01,3,sv44,Yes,2004858.140625,0.03536400184031183,3,Opened new account
2025-05-01,3,sv7,Yes,27629440.236328125,0.48735995608132837,3,Has payment card
2025-05-01,3,sv9,Yes,2616245.5107421875,0.046148357922097955,3,QRIS transaction usage
2025-05-01,3,wb6,Yes,7852203.2421875,0.13850622359777282,3,Borrowed for basic needs
2025-05-01,4,sv1,Yes,22245616.110839844,0.4139023320335119,4,Bank account usage
2025-05-01,4,sv12,Yes,3933981.294921875,0.07319572647623586,4,Applied for credit/loan
2025-05-01,4,sv19,Yes,20985302.541015625,0.3904529151666293,4,Has outstanding loan
2025-05-01,4,sv2,Yes,7939098.462402344,0.1477150082721598,4,Mobile money/e-wallet usage
2025-05-01,4,sv44,Yes,612047.921875,0.011387774603234545,4,Opened new account
2025-05-01,4,sv7,Yes,30168261.392089844,0.5613112121222852,4,Has payment card
2025-05-01,4,sv9,Yes,6440809.564453125,0.11983781818530409,4,QRIS transaction usage
2025-05-01,4,wb6,Yes,6240789.81640625,0.11611624716848627,4,Borrowed for basic needs
2025-05-01,5,sv1,Yes,26490553.536132813,0.47947314592013823,Richest,Bank account usage
2025-05-01,5,sv12,Yes,2306647.5991210938,0.04174981014916078,Richest,Applied for credit/loan
2025-05-01,5,sv19,Yes,23974440.189453125,0.43474966375268115,Richest,Has outstanding loan
2025-05-01,5,sv2,Yes,11959118.16796875,0.2164573874458849,Richest,Mobile money/e-wallet usage
2025-05-01,5,sv44,Yes,4118915.51953125,0.07455145772001989,Richest,Opened new account
2025-05-01,5,sv7,Yes,39878746.53027344,0.721796470886932,Richest,Has payment card
2025-05-01,5,sv9,Yes,7401378.595703125,0.1339633116607881,Richest,QRIS transaction usage
2025-05-01,5,wb6,Yes,2547268.05078125,0.046104986977491484,Richest,Borrowed for basic needs
2025-06-01,1,sv1,Yes,4525674.5625,0.08245232222729186,Poorest,Bank account usage
2025-06-01,1,sv12,Yes,5853352.052734375,0.10664100188751363,Poorest,Applied for credit/loan
2025-06-01,1,sv19,Yes,18650595.166992188,0.33979130872152985,Poorest,Has outstanding loan
2025-06-01,1,sv2,Yes,6746384.94140625,0.12291098208150879,Poorest,Mobile money/e-wallet usage
2025-06-01,1,sv40,Agree,35575460.27441406,0.6481419009302017,Poorest,Would borrow at lower rates
2025-06-01,1,sv41,Agree,46669108.87988281,0.8502547742405562,Poorest,Lenders not trustworthy
2025-06-01,1,sv42,Agree,40823559.30859375,0.7437559241373605,Poorest,No current borrowing needs
2025-06-01,1,sv44,Yes,1923870.53125,0.035050596496843486,Poorest,Opened new account
2025-06-01,1,sv7,Yes,18784138.19140625,0.34222430126841613,Poorest,Has payment card
2025-06-01,1,sv9,Yes,3603913.16015625,0.06565894322640678,Poorest,QRIS transaction usage
2025-06-01,1,wb6,Yes,10165928.755859375,0.18501114139104977,Poorest,Borrowed for basic needs
2025-06-01,2,sv1,Yes,17308578.16796875,0.31303112950910356,2,Bank account usage
2025-06-01,2,sv12,Yes,5159683.21484375,0.09331450850426766,2,Applied for credit/loan
2025-06-01,2,sv19,Yes,19451185.055664063,0.3517808550868203,2,Has outstanding loan
2025-06-01,2,sv2,Yes,6609168.8828125,0.11952891684262532,2,Mobile money/e-wallet usage
2025-06-01,2,sv40,Agree,37283906.74511719,0.6742912865329695,2,Would borrow at lower rates
2025-06-01,2,sv41,Agree,44362849.42480469,0.80231621158739,2,Lenders not trustworthy
2025-06-01,2,sv42,Agree,42256958.91308594,0.7642305133221358,2,No current borrowing needs
2025-06-01,2,sv44,Yes,3398573.53125,0.06146428094109473,2,Opened new account
2025-06-01,2,sv7,Yes,28690914.852539063,0.518884300939307,2,Has payment card
2025-06-01,2,sv9,Yes,321463.21875,0.00581376433606584,2,QRIS transaction usage
2025-06-01,2,wb6,Yes,8293035.42578125,0.14998217769241326,2,Borrowed for basic needs
2025-06-01,3,sv1,Yes,13094499.66796875,0.2358388992677156,3,Bank account usage
2025-06-01,3,sv12,Yes,1372715.255859375,0.024744118911465714,3,Applied for credit/loan
2025-06-01,3,sv19,Yes,19191014.396484375,0.3456403700684381,3,Has outstanding loan
2025-06-01,3,sv2,Yes,8865167.6787109375,0.15966638208294667,3,Mobile money/e-wallet usage
2025-06-01,3,sv40,Agree,36198184.509277344,0.6519485437874629,3,Would borrow at lower rates
2025-06-01,3,sv41,Agree,40059715.587402344,0.7214967710619109,3,Lenders not trustworthy
2025-06-01,3,sv42,Agree,43751790.51513672,0.7879930029951373,3,No current borrowing needs
2025-06-01,3,sv44,Yes,694488.796875,0.012508112380147719,3,Opened new account
2025-06-01,3,sv7,Yes,28466011.96875,0.5126880063752001,3,Has payment card
2025-06-01,3,sv9,Yes,3591676.67578125,0.06468800604988487,3,QRIS transaction usage
2025-06-01,3,wb6,Yes,4023362.990234375,0.07246290603163841,3,Borrowed for basic needs
2025-06-01,4,sv1,Yes,20436897.5859375,0.36944220410776046,4,Bank account usage
2025-06-01,4,sv12,Yes,2203741.5859375,0.03983751180281378,4,Applied for credit/loan
2025-06-01,4,sv19,Yes,23935558.89453125,0.4326882589376684,4,Has outstanding loan
2025-06-01,4,sv2,Yes,10978263.45703125,0.19845643556153555,4,Mobile money/e-wallet usage
2025-06-01,4,sv40,Agree,34128188.02783203,0.6169426134366942,4,Would borrow at lower rates
2025-06-01,4,sv41,Agree,47375802.239746094,0.8564225918942127,4,Lenders not trustworthy
2025-06-01,4,sv42,Agree,44164510.72363281,0.7983713827634399,4,No current borrowing needs
2025-06-01,4,sv44,Yes,674777.546875,0.012198099205207322,4,Opened new account
2025-06-01,4,sv7,Yes,32963379.881835938,0.5958861254345437,4,Has payment card
2025-06-01,4,sv9,Yes,6198088.08984375,0.11204417478421749,4,QRIS transaction usage
2025-06-01,4,wb6,Yes,3698238.05078125,0.06685384662963448,4,Borrowed for basic needs
2025-06-01,5,sv1,Yes,29943909.740234375,0.5432986507001308,Richest,Bank account usage
2025-06-01,5,sv12,Yes,515385.93359375,0.009351099597227144,Richest,Applied for credit/loan
2025-06-01,5,sv19,Yes,21860242.897460938,0.39741277171759637,Richest,Has outstanding loan
2025-06-01,5,sv2,Yes,12378601.26171875,0.22459583338946087,Richest,Mobile money/e-wallet usage
2025-06-01,5,sv40,Agree,37194306.220703125,0.6748489612324527,Richest,Would borrow at lower rates
2025-06-01,5,sv41,Agree,47857166.310546875,0.8683145958029582,Richest,Lenders not trustworthy
2025-06-01,5,sv42,Agree,46178912.328125,0.8378645599829267,Richest,No current borrowing needs
2025-06-01,5,sv44,Yes,1218970.18359375,0.02211684652189282,Richest,Opened new account
2025-06-01,5,sv7,Yes,38765138.39746094,0.7033499488961361,Richest,Has payment card
2025-06-01,5,sv9,Yes,7621423.541015625,0.13828218032210754,Richest,QRIS transaction usage
2025-06-01,5,wb6,Yes,1952805.244140625,0.0354314604681091,Richest,Borrowed for basic needs
2025-07-01,1,sv1,Yes,10513965.33203125,0.1909653521385928,Poorest,Bank account usage
2025-07-01,1,sv12,Yes,10052907.204101563,0.1825911445988155,Poorest,Applied for credit/loan
2025-07-01,1,sv19,Yes,21511121.86328125,0.39070691521141465,Poorest,Has outstanding loan
2025-07-01,1,sv2,Yes,5462039.8671875,0.09920713391119572,Poorest,Mobile money/e-wallet usage
2025-07-01,1,sv41,Agree,300316.65625,0.6263856513132717,Poorest,Lenders not trustworthy
2025-07-01,1,sv42,Agree,300316.65625,0.6263856513132717,Poorest,No current borrowing needs
2025-07-01,1,sv44,Yes,204803.796875,0.0037198552548393512,Poorest,Opened new account
2025-07-01,1,sv7,Yes,22433515.717773438,0.40746037232021265,Poorest,Has payment card
2025-07-01,1,sv9,Yes,4741259.9609375,0.08611559477589777,Poorest,QRIS transaction usage
2025-07-01,1,wb6,Yes,13416840.413085938,0.23916436131773797,Poorest,Borrowed for basic needs
2025-07-01,2,sv1,Yes,15912993.693359375,0.2833321923508497,2,Bank account usage
2025-07-01,2,sv12,Yes,5313658.203125,0.09461013163869683,2,Applied for credit/loan
2025-07-01,2,sv19,Yes,21246393.5703125,0.3782938261540156,2,Has outstanding loan
2025-07-01,2,sv2,Yes,9970424.21875,0.1775242425782722,2,Mobile money/e-wallet usage
2025-07-01,2,sv44,Yes,1148729.15625,0.020453219333171513,2,Opened new account
2025-07-01,2,sv7,Yes,29846214.55859375,0.5314143628291098,2,Has payment card
2025-07-01,2,sv9,Yes,1733824.4765625,0.03087089076777675,2,QRIS transaction usage
2025-07-01,2,wb6,Yes,5677931.1015625,0.10109604126180978,2,Borrowed for basic needs
2025-07-01,3,sv1,Yes,12934700.263671875,0.2391023421459077,3,Bank account usage
2025-07-01,3,sv12,Yes,2492780.0078125,0.04608542617654627,3,Applied for credit/loan
2025-07-01,3,sv19,Yes,18617724.02734375,0.3441549730275959,3,Has outstanding loan
2025-07-01,3,sv2,Yes,8368610.41796875,0.1546966153566627,3,Mobile money/e-wallet usage
2025-07-01,3,sv44,Yes,334174.265625,0.006177325177007528,3,Opened new account
2025-07-01,3,sv7,Yes,26996744.7890625,0.4990440271360216,3,Has payment card
2025-07-01,3,sv9,Yes,2932960.09375,0.054216766800982585,3,QRIS transaction usage
2025-07-01,3,wb6,Yes,4685683.67578125,0.0866164594923592,3,Borrowed for basic needs
2025-07-01,4,sv1,Yes,24078554.4453125,0.4353877061663869,4,Bank account usage
2025-07-01,4,sv12,Yes,3296652.8828125,0.05960997949168675,4,Applied for credit/loan
2025-07-01,4,sv19,Yes,23532141.971679688,0.42550749205070915,4,Has outstanding loan
2025-07-01,4,sv2,Yes,8997161.517578125,0.16268640727763542,4,Mobile money/e-wallet usage
2025-07-01,4,sv44,Yes,1475151.650390625,0.02667364831928965,4,Opened new account
2025-07-01,4,sv7,Yes,32936180.322265625,0.5955510341354966,4,Has payment card
2025-07-01,4,sv9,Yes,6016010.1328125,0.10878131650087022,4,QRIS transaction usage
2025-07-01,4,wb6,Yes,3378129.47265625,0.06108323676877531,4,Borrowed for basic needs
2025-07-01,5,sv1,Yes,32075430.384765625,0.5832614617194961,Richest,Bank account usage
2025-07-01,5,sv12,Yes,4042538.119140625,0.07350974450358798,Richest,Applied for credit/loan
2025-07-01,5,sv19,Yes,21626978.52294922,0.3940347604879703,Richest,Has outstanding loan
2025-07-01,5,sv2,Yes,11328521.411132813,0.20599848164519693,Richest,Mobile money/e-wallet usage
2025-07-01,5,sv44,Yes,2458271.0732421875,0.04470134187702092,Richest,Opened new account
2025-07-01,5,sv7,Yes,42533486.45703125,0.773431351828008,Richest,Has payment card
2025-07-01,5,sv9,Yes,7149903.037109375,0.1300142459992607,Richest,QRIS transaction usage
2025-07-01,5,wb6,Yes,4388822.34765625,0.079806596731964,Richest,Borrowed for basic needs
2025-08-01,1,sv1,Yes,3644730.216796875,0.06721806691501643,Poorest,Bank account usage
2025-08-01,1,sv12,Yes,6891399.32421875,0.12709487763419036,Poorest,Applied for credit/loan
2025-08-01,1,sv19,Yes,20439371.17578125,0.37695383133239213,Poorest,Has outstanding loan
2025-08-01,1,sv2,Yes,8034090.546875,0.14816900123152285,Poorest,Mobile money/e-wallet usage
2025-08-01,1,sv44,Yes,1131762.86328125,0.02087257694009164,Poorest,Opened new account
2025-08-01,1,sv7,Yes,16970672.711914063,0.3129822362942418,Poorest,Has payment card
2025-08-01,1,sv9,Yes,2139590.10546875,0.03945946677131541,Poorest,QRIS transaction usage
2025-08-01,1,wb6,Yes,13811778.95703125,0.2472842245696797,Poorest,Borrowed for basic needs
2025-08-01,2,sv1,Yes,16368257.779296875,0.29679892829920834,2,Bank account usage
2025-08-01,2,sv12,Yes,6844532.283691406,0.12410910641194745,2,Applied for credit/loan
2025-08-01,2,sv19,Yes,21823301.0625,0.39840156533139054,2,Has outstanding loan
2025-08-01,2,sv2,Yes,10966012.16796875,0.19884221662771334,2,Mobile money/e-wallet usage
2025-08-01,2,sv44,Yes,571593.125,0.010364464514835062,2,Opened new account
2025-08-01,2,sv7,Yes,26309829.993164063,0.4770653939469481,2,Has payment card
2025-08-01,2,sv9,Yes,1736381.171875,0.03148509009818157,2,QRIS transaction usage
2025-08-01,2,wb6,Yes,10676583.748535156,0.19359412939292672,2,Borrowed for basic needs
2025-08-01,3,sv1,Yes,15294037.02734375,0.2727860533806914,3,Bank account usage
2025-08-01,3,sv12,Yes,4435442.6328125,0.07911102141561402,3,Applied for credit/loan
2025-08-01,3,sv19,Yes,18878102.708984375,0.3367118259287736,3,Has outstanding loan
2025-08-01,3,sv2,Yes,14731381.94921875,0.26275047821489883,3,Mobile money/e-wallet usage
2025-08-01,3,sv44,Yes,1861766.76171875,0.033206667823323106,3,Opened new account
2025-08-01,3,sv7,Yes,30698741.541015625,0.5475459836899556,3,Has payment card
2025-08-01,3,sv9,Yes,5363282.171875,0.09566006504476872,3,QRIS transaction usage
2025-08-01,3,wb6,Yes,6739170.08203125,0.11959625496581949,3,Borrowed for basic needs
2025-08-01,4,sv1,Yes,20514964.853515625,0.37969374670670686,4,Bank account usage
2025-08-01,4,sv12,Yes,2291053.53515625,0.04240312897831014,4,Applied for credit/loan
2025-08-01,4,sv19,Yes,21421716.84375,0.4007079644844455,4,Has outstanding loan
2025-08-01,4,sv2,Yes,10026122.55859375,0.1855648335932059,4,Mobile money/e-wallet usage
2025-08-01,4,sv44,Yes,400646.0625,0.00741521156190747,4,Opened new account
2025-08-01,4,sv7,Yes,31026694.205078125,0.5742462565628305,4,Has payment card
2025-08-01,4,sv9,Yes,5121230.140625,0.09478442072534163,4,QRIS transaction usage
2025-08-01,4,wb6,Yes,3390391.22265625,0.06274981972056752,4,Borrowed for basic needs
2025-08-01,5,sv1,Yes,37031725.283203125,0.6728377447864842,Richest,Bank account usage
2025-08-01,5,sv12,Yes,3531194.453125,0.06432257966911781,Richest,Applied for credit/loan
2025-08-01,5,sv19,Yes,22145665.676757813,0.4030962020773711,Richest,Has outstanding loan
2025-08-01,5,sv2,Yes,10136676.62109375,0.18417555717989112,Richest,Mobile money/e-wallet usage
2025-08-01,5,sv44,Yes,2191840.4296875,0.039824041693020854,Richest,Opened new account
2025-08-01,5,sv7,Yes,41895580.771484375,0.7612102289922605,Richest,Has payment card
2025-08-01,5,sv9,Yes,9931160.84765625,0.18044149487357838,Richest,QRIS transaction usage
2025-08-01,5,wb6,Yes,4546888.6806640625,0.08261344299507557,Richest,Borrowed for basic needs
2025-09-01,1,sv1,Yes,5980344.6845703125,0.10792069541695361,Poorest,Bank account usage
2025-09-01,1,sv12,Yes,8380228.2509765625,0.15122875156871876,Poorest,Applied for credit/loan
2025-09-01,1,sv19,Yes,17602179.604492188,0.3176471531268274,Poorest,Has outstanding loan
2025-09-01,1,sv2,Yes,6093057.96875,0.10995470794515869,Poorest,Mobile money/e-wallet usage
2025-09-01,1,sv44,Yes,1821621.330078125,0.03287279431160618,Poorest,Opened new account
2025-09-01,1,sv7,Yes,21831019.713867188,0.3939603741002515,Poorest,Has payment card
2025-09-01,1,sv9,Yes,667698.68359375,0.012049222923276934,Poorest,QRIS transaction usage
2025-09-01,1,wb6,Yes,13803231.821289063,0.24791752748638526,Poorest,Borrowed for basic needs
2025-09-01,2,sv1,Yes,12901594.869140625,0.23367936129288086,2,Bank account usage
2025-09-01,2,sv12,Yes,4434428.611328125,0.08031832157996265,2,Applied for credit/loan
2025-09-01,2,sv19,Yes,18356890.4140625,0.33478316242350825,2,Has outstanding loan
2025-09-01,2,sv2,Yes,8020178.015625,0.1452649920537531,2,Mobile money/e-wallet usage
2025-09-01,2,sv44,Yes,1615504.75,0.029260732643882896,2,Opened new account
2025-09-01,2,sv7,Yes,28985033.177734375,0.5249896705582333,2,Has payment card
2025-09-01,2,sv9,Yes,4463774.7578125,0.08084985189357363,2,QRIS transaction usage
2025-09-01,2,wb6,Yes,9119051.55859375,0.1651682730253782,2,Borrowed for basic needs
2025-09-01,3,sv1,Yes,17435961.467773438,0.3164496512066787,3,Bank account usage
2025-09-01,3,sv12,Yes,3433046.744140625,0.06231500696579388,3,Applied for credit/loan
2025-09-01,3,sv19,Yes,21901035.610351563,0.39748740514083225,3,Has outstanding loan
2025-09-01,3,sv2,Yes,10017376.772460938,0.18180789120864893,3,Mobile money/e-wallet usage
2025-09-01,3,sv44,Yes,237612.7890625,0.004312494287169142,3,Opened new account
2025-09-01,3,sv7,Yes,28010281.900390625,0.5083656530190339,3,Has payment card
2025-09-01,3,sv9,Yes,4383522.09375,0.07955764528315956,3,QRIS transaction usage
2025-09-01,3,wb6,Yes,3705454.9814453125,0.06725123467425041,3,Borrowed for basic needs
2025-09-01,4,sv1,Yes,26256441.55859375,0.4691074712716005,4,Bank account usage
2025-09-01,4,sv12,Yes,4237297.431640625,0.07570515139101133,4,Applied for credit/loan
2025-09-01,4,sv19,Yes,21910522.810546875,0.39146165054229304,4,Has outstanding loan
2025-09-01,4,sv2,Yes,9343258.90625,0.16693018165335666,4,Mobile money/e-wallet usage
2025-09-01,4,sv44,Yes,1555960.50390625,0.027799376231431687,4,Opened new account
2025-09-01,4,sv7,Yes,38160014.263671875,0.6817811832944386,4,Has payment card
2025-09-01,4,sv9,Yes,5263024.91015625,0.09403118474120727,4,QRIS transaction usage
2025-09-01,4,wb6,Yes,5048555.962890625,0.09019940177497626,4,Borrowed for basic needs
2025-09-01,5,sv1,Yes,27978859.798828125,0.5118517015655779,Richest,Bank account usage
2025-09-01,5,sv12,Yes,5351639.25,0.09790412032417292,Richest,Applied for credit/loan
2025-09-01,5,sv19,Yes,16897723.709960938,0.3122886229497183,Richest,Has outstanding loan
2025-09-01,5,sv2,Yes,13927249.240234375,0.25478830349049636,Richest,Mobile money/e-wallet usage
2025-09-01,5,sv44,Yes,1257052.203125,0.02299680236266237,Richest,Opened new account
2025-09-01,5,sv7,Yes,38474372.48535156,0.7038590265969268,Richest,Has payment card
2025-09-01,5,sv9,Yes,9860611.8046875,0.18039230215229565,Richest,QRIS transaction usage
2025-09-01,5,wb6,Yes,3364329.962890625,0.06154782677047299,Richest,Borrowed for basic needs
2025-10-01,1,sv1,Yes,7808293.6767578125,0.13922680558951192,Poorest,Bank account usage
2025-10-01,1,sv12,Yes,7321520.7421875,0.13054733686904268,Poorest,Applied for credit/loan
2025-10-01,1,sv19,Yes,18595368.68359375,0.33156716278261295,Poorest,Has outstanding loan
2025-10-01,1,sv2,Yes,7243429.2001953125,0.12915491537656035,Poorest,Mobile money/e-wallet usage
2025-10-01,1,sv40,Agree,36581527.53027344,0.6522717295822236,Poorest,Would borrow at lower rates
2025-10-01,1,sv41,Agree,48578505.208984375,0.8661854152197686,Poorest,Lenders not trustworthy
2025-10-01,1,sv42,Agree,44553048.66503906,0.7944089837926126,Poorest,No current borrowing needs
2025-10-01,1,sv44,Yes,569643.5,0.010157103217813442,Poorest,Opened new account
2025-10-01,1,sv7,Yes,22115057.922851563,0.39432544387906865,Poorest,Has payment card
2025-10-01,1,sv9,Yes,3684464.40625,0.0656963263455845,Poorest,QRIS transaction usage
2025-10-01,1,wb6,Yes,12900037.8203125,0.22990761137039964,Poorest,Borrowed for basic needs
2025-10-01,2,sv1,Yes,14050866.4296875,0.2557632620689401,2,Bank account usage
2025-10-01,2,sv12,Yes,2792632.853515625,0.050833369739173746,2,Applied for credit/loan
2025-10-01,2,sv19,Yes,18789075.333984375,0.3420642269319869,2,Has outstanding loan
2025-10-01,2,sv2,Yes,13225020.09375,0.24073065508316902,2,Mobile money/e-wallet usage
2025-10-01,2,sv40,Agree,37308144.91113281,0.681133531969734,2,Would borrow at lower rates
2025-10-01,2,sv41,Agree,44902241.51660156,0.819778695253068,2,Lenders not trustworthy
2025-10-01,2,sv42,Agree,43191020.76464844,0.7885369962210176,2,No current borrowing needs
2025-10-01,2,sv44,Yes,951379.41015625,0.01731764390647605,2,Opened new account
2025-10-01,2,sv7,Yes,31203567.1484375,0.5679881850708822,2,Has payment card
2025-10-01,2,sv9,Yes,3086484.9453125,0.056182261918872725,2,QRIS transaction usage
2025-10-01,2,wb6,Yes,8960538.41796875,0.16310570932704524,2,Borrowed for basic needs
2025-10-01,3,sv1,Yes,18966664.479492188,0.3432354606057217,3,Bank account usage
2025-10-01,3,sv12,Yes,3558421.96484375,0.06439596184417572,3,Applied for credit/loan
2025-10-01,3,sv19,Yes,23732571.754882813,0.4294830124955972,3,Has outstanding loan
2025-10-01,3,sv2,Yes,7829188.5380859375,0.14168306382730467,3,Mobile money/e-wallet usage
2025-10-01,3,sv40,Agree,34928175.02441406,0.6320873264555691,3,Would borrow at lower rates
2025-10-01,3,sv41,Agree,44319617.798828125,0.8020421537745049,3,Lenders not trustworthy
2025-10-01,3,sv42,Agree,39626426.41796875,0.7171105250707952,3,No current borrowing needs
2025-10-01,3,sv44,Yes,1112276.28125,0.02012861365942635,3,Opened new account
2025-10-01,3,sv7,Yes,30241139.958984375,0.5472671072073505,3,Has payment card
2025-10-01,3,sv9,Yes,2665176.2109375,0.04823109436799808,3,QRIS transaction usage
2025-10-01,3,wb6,Yes,5955330.5,0.1077722764293625,3,Borrowed for basic needs
2025-10-01,4,sv1,Yes,19612859.01953125,0.3493873448216441,4,Bank account usage
2025-10-01,4,sv12,Yes,1253407.26171875,0.022328444553442166,4,Applied for credit/loan
2025-10-01,4,sv19,Yes,22011555.095703125,0.392118190551642,4,Has outstanding loan
2025-10-01,4,sv2,Yes,13185717.2734375,0.23489297216420427,4,Mobile money/e-wallet usage
2025-10-01,4,sv40,Agree,31871130.434570313,0.5677586132602992,4,Would borrow at lower rates
2025-10-01,4,sv41,Agree,41115891.63183594,0.7324466154024772,4,Lenders not trustworthy
2025-10-01,4,sv42,Agree,44685840.47753906,0.796042389333611,4,No current borrowing needs
2025-10-01,4,sv44,Yes,2332628,0.041553895970241894,4,Opened new account
2025-10-01,4,sv7,Yes,33525813.53515625,0.5972354648737863,4,Has payment card
2025-10-01,4,sv9,Yes,5320454.4765625,0.09477962702732108,4,QRIS transaction usage
2025-10-01,4,wb6,Yes,2305040.69921875,0.041062450344636854,4,Borrowed for basic needs
2025-10-01,5,sv1,Yes,31104075.122070313,0.5750927918543045,Richest,Bank account usage
2025-10-01,5,sv12,Yes,1816979.099609375,0.03359468426675162,Richest,Applied for credit/loan
2025-10-01,5,sv19,Yes,18828366.068359375,0.348123439318228,Richest,Has outstanding loan
2025-10-01,5,sv2,Yes,9730544.0400390625,0.1799110153986426,Richest,Mobile money/e-wallet usage
2025-10-01,5,sv40,Agree,30999431.65283203,0.5731580066328381,Richest,Would borrow at lower rates
2025-10-01,5,sv41,Agree,42512137.622558594,0.7860199609569465,Richest,Lenders not trustworthy
2025-10-01,5,sv42,Agree,40691851.17236328,0.7523641260700705,Richest,No current borrowing needs
2025-10-01,5,sv44,Yes,2229118.54296875,0.04121485693495105,Richest,Opened new account
2025-10-01,5,sv7,Yes,38495942.40136719,0.7117632948023559,Richest,Has payment card
2025-10-01,5,sv9,Yes,7890095.05078125,0.1458823891384557,Richest,QRIS transaction usage
2025-10-01,5,wb6,Yes,2846321.501953125,0.05262651188466544,Richest,Borrowed for basic needs
